2026-06-05 10:58:21 [restartedMain] INFO  com.exam.utility.UtilityApplication - Starting UtilityApplication using Java 23.0.2 with PID 21484 (C:\Users\ernes\Downloads\utility\utility\target\classes started by ernes in C:\Users\ernes\Downloads\utility\utility)
2026-06-05 10:58:21 [restartedMain] DEBUG com.exam.utility.UtilityApplication - Running with Spring Boot v3.3.5, Spring v6.1.14
2026-06-05 10:58:21 [restartedMain] INFO  com.exam.utility.UtilityApplication - The following 1 profile is active: "dev"
2026-06-05 10:58:22 [restartedMain] INFO  o.s.b.d.e.DevToolsPropertyDefaultsPostProcessor - Devtools property defaults active! Set 'spring.devtools.add-properties' to 'false' to disable
2026-06-05 10:58:22 [restartedMain] INFO  o.s.b.d.e.DevToolsPropertyDefaultsPostProcessor - For additional web related logging consider setting the 'logging.level.web' property to 'DEBUG'
2026-06-05 10:58:32 [restartedMain] INFO  o.s.d.r.c.RepositoryConfigurationDelegate - Bootstrapping Spring Data JPA repositories in DEFAULT mode.
2026-06-05 10:58:33 [restartedMain] INFO  o.s.d.r.c.RepositoryConfigurationDelegate - Finished Spring Data repository scanning in 438 ms. Found 24 JPA repository interfaces.
2026-06-05 10:58:37 [restartedMain] INFO  o.s.b.w.e.tomcat.TomcatWebServer - Tomcat initialized with port 8080 (http)
2026-06-05 10:58:37 [restartedMain] INFO  o.a.catalina.core.StandardService - Starting service [Tomcat]
2026-06-05 10:58:37 [restartedMain] INFO  o.a.catalina.core.StandardEngine - Starting Servlet engine: [Apache Tomcat/10.1.31]
2026-06-05 10:58:37 [restartedMain] INFO  o.a.c.c.C.[.[localhost].[/api/v1] - Initializing Spring embedded WebApplicationContext
2026-06-05 10:58:37 [restartedMain] INFO  o.s.b.w.s.c.ServletWebServerApplicationContext - Root WebApplicationContext: initialization completed in 15430 ms
2026-06-05 10:58:38 [restartedMain] INFO  com.zaxxer.hikari.HikariDataSource - UtilityBillingHikariPool - Starting...
2026-06-05 10:58:39 [restartedMain] INFO  com.zaxxer.hikari.pool.HikariPool - UtilityBillingHikariPool - Added connection org.postgresql.jdbc.PgConnection@5feb00de
2026-06-05 10:58:39 [restartedMain] INFO  com.zaxxer.hikari.HikariDataSource - UtilityBillingHikariPool - Start completed.
2026-06-05 10:58:39 [restartedMain] INFO  org.flywaydb.core.FlywayExecutor - Database: jdbc:postgresql://localhost:5432/utility_billing (PostgreSQL 10.23)
2026-06-05 10:58:40 [restartedMain] INFO  o.f.c.i.s.JdbcTableSchemaHistory - Schema history table "public"."flyway_schema_history" does not exist yet
2026-06-05 10:58:40 [restartedMain] INFO  o.f.core.internal.command.DbValidate - Successfully validated 8 migrations (execution time 00:01.031s)
2026-06-05 10:58:40 [restartedMain] INFO  o.f.c.i.s.JdbcTableSchemaHistory - Creating Schema History table "public"."flyway_schema_history" ...
2026-06-05 10:58:40 [restartedMain] INFO  o.f.core.internal.command.DbMigrate - Current version of schema "public": << Empty Schema >>
2026-06-05 10:58:40 [restartedMain] INFO  o.f.core.internal.command.DbMigrate - Migrating schema "public" to version "1 - create security tables"
2026-06-05 10:58:41 [restartedMain] INFO  o.f.core.internal.command.DbMigrate - Migrating schema "public" to version "2 - create customer meter tables"
2026-06-05 10:58:41 [restartedMain] INFO  o.f.core.internal.command.DbMigrate - Migrating schema "public" to version "3 - create tariff charge tables"
2026-06-05 10:58:41 [restartedMain] INFO  o.f.core.internal.command.DbMigrate - Migrating schema "public" to version "4 - create billing tables"
2026-06-05 10:58:41 [restartedMain] INFO  o.f.core.internal.command.DbMigrate - Migrating schema "public" to version "5 - create notification audit tables"
2026-06-05 10:58:41 [restartedMain] INFO  o.f.core.internal.command.DbMigrate - Migrating schema "public" to version "6 - insert default data"
2026-06-05 10:58:41 [restartedMain] INFO  o.f.core.internal.command.DbMigrate - Migrating schema "public" to version "7 - create triggers"
2026-06-05 10:58:46 [restartedMain] INFO  o.f.c.i.s.DefaultSqlScriptExecutor - DB: trigger "trg_notify_bill_generated" for relation "bills" does not exist, skipping
2026-06-05 10:58:46 [restartedMain] ERROR o.f.core.internal.command.DbMigrate - Migration of schema "public" to version "7 - create triggers" failed! Changes successfully rolled back.
2026-06-05 10:58:46 [restartedMain] ERROR o.s.b.w.e.tomcat.TomcatStarter - Error starting Tomcat context. Exception: org.springframework.beans.factory.UnsatisfiedDependencyException. Message: Error creating bean with name 'jwtAuthenticationFilter' defined in file [C:\Users\ernes\Downloads\utility\utility\target\classes\com\exam\utility\security\JwtAuthenticationFilter.class]: Unsatisfied dependency expressed through constructor parameter 1: Error creating bean with name 'userDetailsServiceImpl' defined in file [C:\Users\ernes\Downloads\utility\utility\target\classes\com\exam\utility\service\impl\UserDetailsServiceImpl.class]: Unsatisfied dependency expressed through constructor parameter 0: Error creating bean with name 'userRepository' defined in com.exam.utility.repository.UserRepository defined in @EnableJpaRepositories declared on JpaRepositoriesRegistrar.EnableJpaRepositoriesConfiguration: Cannot resolve reference to bean 'jpaSharedEM_entityManagerFactory' while setting bean property 'entityManager'
2026-06-05 10:58:46 [restartedMain] INFO  o.a.catalina.core.StandardService - Stopping service [Tomcat]
2026-06-05 10:58:46 [restartedMain] WARN  o.a.c.loader.WebappClassLoaderBase - The web application [api#v1] appears to have started a thread named [UtilityBillingHikariPool housekeeper] but has failed to stop it. This is very likely to create a memory leak. Stack trace of thread:
 java.base/jdk.internal.misc.Unsafe.park(Native Method)
 java.base/java.util.concurrent.locks.LockSupport.parkNanos(LockSupport.java:269)
 java.base/java.util.concurrent.locks.AbstractQueuedSynchronizer$ConditionObject.awaitNanos(AbstractQueuedSynchronizer.java:1763)
 java.base/java.util.concurrent.ScheduledThreadPoolExecutor$DelayedWorkQueue.take(ScheduledThreadPoolExecutor.java:1182)
 java.base/java.util.concurrent.ScheduledThreadPoolExecutor$DelayedWorkQueue.take(ScheduledThreadPoolExecutor.java:899)
 java.base/java.util.concurrent.ThreadPoolExecutor.getTask(ThreadPoolExecutor.java:1070)
 java.base/java.util.concurrent.ThreadPoolExecutor.runWorker(ThreadPoolExecutor.java:1130)
 java.base/java.util.concurrent.ThreadPoolExecutor$Worker.run(ThreadPoolExecutor.java:642)
 java.base/java.lang.Thread.run(Thread.java:1575)
2026-06-05 10:58:46 [restartedMain] WARN  o.s.b.w.s.c.AnnotationConfigServletWebServerApplicationContext - Exception encountered during context initialization - cancelling refresh attempt: org.springframework.context.ApplicationContextException: Unable to start web server
2026-06-05 10:58:46 [restartedMain] INFO  com.zaxxer.hikari.HikariDataSource - UtilityBillingHikariPool - Shutdown initiated...
2026-06-05 10:58:46 [restartedMain] INFO  com.zaxxer.hikari.HikariDataSource - UtilityBillingHikariPool - Shutdown completed.
2026-06-05 10:58:46 [restartedMain] INFO  o.s.b.a.l.ConditionEvaluationReportLogger - 

Error starting ApplicationContext. To display the condition evaluation report re-run your application with 'debug' enabled.
2026-06-05 10:58:46 [restartedMain] ERROR o.s.boot.SpringApplication - Application run failed
org.springframework.context.ApplicationContextException: Unable to start web server
	at org.springframework.boot.web.servlet.context.ServletWebServerApplicationContext.onRefresh(ServletWebServerApplicationContext.java:165)
	at org.springframework.context.support.AbstractApplicationContext.refresh(AbstractApplicationContext.java:619)
	at org.springframework.boot.web.servlet.context.ServletWebServerApplicationContext.refresh(ServletWebServerApplicationContext.java:146)
	at org.springframework.boot.SpringApplication.refresh(SpringApplication.java:754)
	at org.springframework.boot.SpringApplication.refreshContext(SpringApplication.java:456)
	at org.springframework.boot.SpringApplication.run(SpringApplication.java:335)
	at org.springframework.boot.SpringApplication.run(SpringApplication.java:1363)
	at org.springframework.boot.SpringApplication.run(SpringApplication.java:1352)
	at com.exam.utility.UtilityApplication.main(UtilityApplication.java:17)
	at java.base/jdk.internal.reflect.DirectMethodHandleAccessor.invoke(DirectMethodHandleAccessor.java:103)
	at java.base/java.lang.reflect.Method.invoke(Method.java:580)
	at org.springframework.boot.devtools.restart.RestartLauncher.run(RestartLauncher.java:50)
Caused by: org.springframework.boot.web.server.WebServerException: Unable to start embedded Tomcat
	at org.springframework.boot.web.embedded.tomcat.TomcatWebServer.initialize(TomcatWebServer.java:147)
	at org.springframework.boot.web.embedded.tomcat.TomcatWebServer.<init>(TomcatWebServer.java:107)
	at org.springframework.boot.web.embedded.tomcat.TomcatServletWebServerFactory.getTomcatWebServer(TomcatServletWebServerFactory.java:516)
	at org.springframework.boot.web.embedded.tomcat.TomcatServletWebServerFactory.getWebServer(TomcatServletWebServerFactory.java:222)
	at org.springframework.boot.web.servlet.context.ServletWebServerApplicationContext.createWebServer(ServletWebServerApplicationContext.java:188)
	at org.springframework.boot.web.servlet.context.ServletWebServerApplicationContext.onRefresh(ServletWebServerApplicationContext.java:162)
	... 11 common frames omitted
Caused by: org.springframework.beans.factory.UnsatisfiedDependencyException: Error creating bean with name 'jwtAuthenticationFilter' defined in file [C:\Users\ernes\Downloads\utility\utility\target\classes\com\exam\utility\security\JwtAuthenticationFilter.class]: Unsatisfied dependency expressed through constructor parameter 1: Error creating bean with name 'userDetailsServiceImpl' defined in file [C:\Users\ernes\Downloads\utility\utility\target\classes\com\exam\utility\service\impl\UserDetailsServiceImpl.class]: Unsatisfied dependency expressed through constructor parameter 0: Error creating bean with name 'userRepository' defined in com.exam.utility.repository.UserRepository defined in @EnableJpaRepositories declared on JpaRepositoriesRegistrar.EnableJpaRepositoriesConfiguration: Cannot resolve reference to bean 'jpaSharedEM_entityManagerFactory' while setting bean property 'entityManager'
	at org.springframework.beans.factory.support.ConstructorResolver.createArgumentArray(ConstructorResolver.java:795)
	at org.springframework.beans.factory.support.ConstructorResolver.autowireConstructor(ConstructorResolver.java:237)
	at org.springframework.beans.factory.support.AbstractAutowireCapableBeanFactory.autowireConstructor(AbstractAutowireCapableBeanFactory.java:1375)
	at org.springframework.beans.factory.support.AbstractAutowireCapableBeanFactory.createBeanInstance(AbstractAutowireCapableBeanFactory.java:1212)
	at org.springframework.beans.factory.support.AbstractAutowireCapableBeanFactory.doCreateBean(AbstractAutowireCapableBeanFactory.java:562)
	at org.springframework.beans.factory.support.AbstractAutowireCapableBeanFactory.createBean(AbstractAutowireCapableBeanFactory.java:522)
	at org.springframework.beans.factory.support.AbstractBeanFactory.lambda$doGetBean$0(AbstractBeanFactory.java:337)
	at org.springframework.beans.factory.support.DefaultSingletonBeanRegistry.getSingleton(DefaultSingletonBeanRegistry.java:234)
	at org.springframework.beans.factory.support.AbstractBeanFactory.doGetBean(AbstractBeanFactory.java:335)
	at org.springframework.beans.factory.support.AbstractBeanFactory.getBean(AbstractBeanFactory.java:205)
	at org.springframework.boot.web.servlet.ServletContextInitializerBeans.getOrderedBeansOfType(ServletContextInitializerBeans.java:211)
	at org.springframework.boot.web.servlet.ServletContextInitializerBeans.addAsRegistrationBean(ServletContextInitializerBeans.java:174)
	at org.springframework.boot.web.servlet.ServletContextInitializerBeans.addAsRegistrationBean(ServletContextInitializerBeans.java:169)
	at org.springframework.boot.web.servlet.ServletContextInitializerBeans.addAdaptableBeans(ServletContextInitializerBeans.java:154)
	at org.springframework.boot.web.servlet.ServletContextInitializerBeans.<init>(ServletContextInitializerBeans.java:87)
	at org.springframework.boot.web.servlet.context.ServletWebServerApplicationContext.getServletContextInitializerBeans(ServletWebServerApplicationContext.java:266)
	at org.springframework.boot.web.servlet.context.ServletWebServerApplicationContext.selfInitialize(ServletWebServerApplicationContext.java:240)
	at org.springframework.boot.web.embedded.tomcat.TomcatStarter.onStartup(TomcatStarter.java:52)
	at org.apache.catalina.core.StandardContext.startInternal(StandardContext.java:4412)
	at org.apache.catalina.util.LifecycleBase.start(LifecycleBase.java:164)
	at org.apache.catalina.core.ContainerBase$StartChild.call(ContainerBase.java:1203)
	at org.apache.catalina.core.ContainerBase$StartChild.call(ContainerBase.java:1193)
	at java.base/java.util.concurrent.FutureTask.run(FutureTask.java:317)
	at org.apache.tomcat.util.threads.InlineExecutorService.execute(InlineExecutorService.java:75)
	at java.base/java.util.concurrent.AbstractExecutorService.submit(AbstractExecutorService.java:148)
	at org.apache.catalina.core.ContainerBase.startInternal(ContainerBase.java:749)
	at org.apache.catalina.core.StandardHost.startInternal(StandardHost.java:772)
	at org.apache.catalina.util.LifecycleBase.start(LifecycleBase.java:164)
	at org.apache.catalina.core.ContainerBase$StartChild.call(ContainerBase.java:1203)
	at org.apache.catalina.core.ContainerBase$StartChild.call(ContainerBase.java:1193)
	at java.base/java.util.concurrent.FutureTask.run(FutureTask.java:317)
	at org.apache.tomcat.util.threads.InlineExecutorService.execute(InlineExecutorService.java:75)
	at java.base/java.util.concurrent.AbstractExecutorService.submit(AbstractExecutorService.java:148)
	at org.apache.catalina.core.ContainerBase.startInternal(ContainerBase.java:749)
	at org.apache.catalina.core.StandardEngine.startInternal(StandardEngine.java:203)
	at org.apache.catalina.util.LifecycleBase.start(LifecycleBase.java:164)
	at org.apache.catalina.core.StandardService.startInternal(StandardService.java:415)
	at org.apache.catalina.util.LifecycleBase.start(LifecycleBase.java:164)
	at org.apache.catalina.core.StandardServer.startInternal(StandardServer.java:870)
	at org.apache.catalina.util.LifecycleBase.start(LifecycleBase.java:164)
	at org.apache.catalina.startup.Tomcat.start(Tomcat.java:437)
	at org.springframework.boot.web.embedded.tomcat.TomcatWebServer.initialize(TomcatWebServer.java:128)
	... 16 common frames omitted
Caused by: org.springframework.beans.factory.UnsatisfiedDependencyException: Error creating bean with name 'userDetailsServiceImpl' defined in file [C:\Users\ernes\Downloads\utility\utility\target\classes\com\exam\utility\service\impl\UserDetailsServiceImpl.class]: Unsatisfied dependency expressed through constructor parameter 0: Error creating bean with name 'userRepository' defined in com.exam.utility.repository.UserRepository defined in @EnableJpaRepositories declared on JpaRepositoriesRegistrar.EnableJpaRepositoriesConfiguration: Cannot resolve reference to bean 'jpaSharedEM_entityManagerFactory' while setting bean property 'entityManager'
	at org.springframework.beans.factory.support.ConstructorResolver.createArgumentArray(ConstructorResolver.java:795)
	at org.springframework.beans.factory.support.ConstructorResolver.autowireConstructor(ConstructorResolver.java:237)
	at org.springframework.beans.factory.support.AbstractAutowireCapableBeanFactory.autowireConstructor(AbstractAutowireCapableBeanFactory.java:1375)
	at org.springframework.beans.factory.support.AbstractAutowireCapableBeanFactory.createBeanInstance(AbstractAutowireCapableBeanFactory.java:1212)
	at org.springframework.beans.factory.support.AbstractAutowireCapableBeanFactory.doCreateBean(AbstractAutowireCapableBeanFactory.java:562)
	at org.springframework.beans.factory.support.AbstractAutowireCapableBeanFactory.createBean(AbstractAutowireCapableBeanFactory.java:522)
	at org.springframework.beans.factory.support.AbstractBeanFactory.lambda$doGetBean$0(AbstractBeanFactory.java:337)
	at org.springframework.beans.factory.support.DefaultSingletonBeanRegistry.getSingleton(DefaultSingletonBeanRegistry.java:234)
	at org.springframework.beans.factory.support.AbstractBeanFactory.doGetBean(AbstractBeanFactory.java:335)
	at org.springframework.beans.factory.support.AbstractBeanFactory.getBean(AbstractBeanFactory.java:200)
	at org.springframework.beans.factory.config.DependencyDescriptor.resolveCandidate(DependencyDescriptor.java:254)
	at org.springframework.beans.factory.support.DefaultListableBeanFactory.doResolveDependency(DefaultListableBeanFactory.java:1443)
	at org.springframework.beans.factory.support.DefaultListableBeanFactory.resolveDependency(DefaultListableBeanFactory.java:1353)
	at org.springframework.beans.factory.support.ConstructorResolver.resolveAutowiredArgument(ConstructorResolver.java:904)
	at org.springframework.beans.factory.support.ConstructorResolver.createArgumentArray(ConstructorResolver.java:782)
	... 57 common frames omitted
Caused by: org.springframework.beans.factory.BeanCreationException: Error creating bean with name 'userRepository' defined in com.exam.utility.repository.UserRepository defined in @EnableJpaRepositories declared on JpaRepositoriesRegistrar.EnableJpaRepositoriesConfiguration: Cannot resolve reference to bean 'jpaSharedEM_entityManagerFactory' while setting bean property 'entityManager'
	at org.springframework.beans.factory.support.BeanDefinitionValueResolver.resolveReference(BeanDefinitionValueResolver.java:377)
	at org.springframework.beans.factory.support.BeanDefinitionValueResolver.resolveValueIfNecessary(BeanDefinitionValueResolver.java:135)
	at org.springframework.beans.factory.support.AbstractAutowireCapableBeanFactory.applyPropertyValues(AbstractAutowireCapableBeanFactory.java:1705)
	at org.springframework.beans.factory.support.AbstractAutowireCapableBeanFactory.populateBean(AbstractAutowireCapableBeanFactory.java:1454)
	at org.springframework.beans.factory.support.AbstractAutowireCapableBeanFactory.doCreateBean(AbstractAutowireCapableBeanFactory.java:599)
	at org.springframework.beans.factory.support.AbstractAutowireCapableBeanFactory.createBean(AbstractAutowireCapableBeanFactory.java:522)
	at org.springframework.beans.factory.support.AbstractBeanFactory.lambda$doGetBean$0(AbstractBeanFactory.java:337)
	at org.springframework.beans.factory.support.DefaultSingletonBeanRegistry.getSingleton(DefaultSingletonBeanRegistry.java:234)
	at org.springframework.beans.factory.support.AbstractBeanFactory.doGetBean(AbstractBeanFactory.java:335)
	at org.springframework.beans.factory.support.AbstractBeanFactory.getBean(AbstractBeanFactory.java:200)
	at org.springframework.beans.factory.config.DependencyDescriptor.resolveCandidate(DependencyDescriptor.java:254)
	at org.springframework.beans.factory.support.DefaultListableBeanFactory.doResolveDependency(DefaultListableBeanFactory.java:1443)
	at org.springframework.beans.factory.support.DefaultListableBeanFactory.resolveDependency(DefaultListableBeanFactory.java:1353)
	at org.springframework.beans.factory.support.ConstructorResolver.resolveAutowiredArgument(ConstructorResolver.java:904)
	at org.springframework.beans.factory.support.ConstructorResolver.createArgumentArray(ConstructorResolver.java:782)
	... 71 common frames omitted
Caused by: org.springframework.beans.factory.BeanCreationException: Error creating bean with name 'jpaSharedEM_entityManagerFactory': Cannot resolve reference to bean 'entityManagerFactory' while setting constructor argument
	at org.springframework.beans.factory.support.BeanDefinitionValueResolver.resolveReference(BeanDefinitionValueResolver.java:377)
	at org.springframework.beans.factory.support.BeanDefinitionValueResolver.resolveValueIfNecessary(BeanDefinitionValueResolver.java:135)
	at org.springframework.beans.factory.support.ConstructorResolver.resolveConstructorArguments(ConstructorResolver.java:682)
	at org.springframework.beans.factory.support.ConstructorResolver.instantiateUsingFactoryMethod(ConstructorResolver.java:509)
	at org.springframework.beans.factory.support.AbstractAutowireCapableBeanFactory.instantiateUsingFactoryMethod(AbstractAutowireCapableBeanFactory.java:1355)
	at org.springframework.beans.factory.support.AbstractAutowireCapableBeanFactory.createBeanInstance(AbstractAutowireCapableBeanFactory.java:1185)
	at org.springframework.beans.factory.support.AbstractAutowireCapableBeanFactory.doCreateBean(AbstractAutowireCapableBeanFactory.java:562)
	at org.springframework.beans.factory.support.AbstractAutowireCapableBeanFactory.createBean(AbstractAutowireCapableBeanFactory.java:522)
	at org.springframework.beans.factory.support.AbstractBeanFactory.lambda$doGetBean$0(AbstractBeanFactory.java:337)
	at org.springframework.beans.factory.support.DefaultSingletonBeanRegistry.getSingleton(DefaultSingletonBeanRegistry.java:234)
	at org.springframework.beans.factory.support.AbstractBeanFactory.doGetBean(AbstractBeanFactory.java:335)
	at org.springframework.beans.factory.support.AbstractBeanFactory.getBean(AbstractBeanFactory.java:200)
	at org.springframework.beans.factory.support.BeanDefinitionValueResolver.resolveReference(BeanDefinitionValueResolver.java:365)
	... 85 common frames omitted
Caused by: org.springframework.beans.factory.BeanCreationException: Error creating bean with name 'flywayInitializer' defined in class path resource [org/springframework/boot/autoconfigure/flyway/FlywayAutoConfiguration$FlywayConfiguration.class]: Migration V7__create_triggers.sql failed
----------------------------------------
SQL State  : 42601
Error Code : 0
Message    : ERROR: syntax error at or near "FUNCTION"
  Position: 97
Location   : db/migration/V7__create_triggers.sql (C:\Users\ernes\Downloads\utility\utility\target\classes\db\migration\V7__create_triggers.sql)
Line       : 25
Statement  : CREATE TRIGGER trg_notify_bill_generated
    AFTER INSERT ON bills
    FOR EACH ROW
    EXECUTE FUNCTION fn_notify_bill_generated()

	at org.springframework.beans.factory.support.AbstractAutowireCapableBeanFactory.initializeBean(AbstractAutowireCapableBeanFactory.java:1806)
	at org.springframework.beans.factory.support.AbstractAutowireCapableBeanFactory.doCreateBean(AbstractAutowireCapableBeanFactory.java:600)
	at org.springframework.beans.factory.support.AbstractAutowireCapableBeanFactory.createBean(AbstractAutowireCapableBeanFactory.java:522)
	at org.springframework.beans.factory.support.AbstractBeanFactory.lambda$doGetBean$0(AbstractBeanFactory.java:337)
	at org.springframework.beans.factory.support.DefaultSingletonBeanRegistry.getSingleton(DefaultSingletonBeanRegistry.java:234)
	at org.springframework.beans.factory.support.AbstractBeanFactory.doGetBean(AbstractBeanFactory.java:335)
	at org.springframework.beans.factory.support.AbstractBeanFactory.getBean(AbstractBeanFactory.java:200)
	at org.springframework.beans.factory.support.AbstractBeanFactory.doGetBean(AbstractBeanFactory.java:313)
	at org.springframework.beans.factory.support.AbstractBeanFactory.getBean(AbstractBeanFactory.java:200)
	at org.springframework.beans.factory.support.BeanDefinitionValueResolver.resolveReference(BeanDefinitionValueResolver.java:365)
	... 97 common frames omitted
Caused by: org.flywaydb.core.internal.command.DbMigrate$FlywayMigrateException: Migration V7__create_triggers.sql failed
----------------------------------------
SQL State  : 42601
Error Code : 0
Message    : ERROR: syntax error at or near "FUNCTION"
  Position: 97
Location   : db/migration/V7__create_triggers.sql (C:\Users\ernes\Downloads\utility\utility\target\classes\db\migration\V7__create_triggers.sql)
Line       : 25
Statement  : CREATE TRIGGER trg_notify_bill_generated
    AFTER INSERT ON bills
    FOR EACH ROW
    EXECUTE FUNCTION fn_notify_bill_generated()

	at org.flywaydb.core.internal.command.DbMigrate.doMigrateGroup(DbMigrate.java:382)
	at org.flywaydb.core.internal.command.DbMigrate.lambda$applyMigrations$1(DbMigrate.java:272)
	at org.flywaydb.core.internal.jdbc.TransactionalExecutionTemplate.execute(TransactionalExecutionTemplate.java:55)
	at org.flywaydb.core.internal.command.DbMigrate.applyMigrations(DbMigrate.java:271)
	at org.flywaydb.core.internal.command.DbMigrate.migrateGroup(DbMigrate.java:244)
	at org.flywaydb.core.internal.command.DbMigrate.lambda$migrateAll$0(DbMigrate.java:139)
	at org.flywaydb.database.postgresql.PostgreSQLAdvisoryLockTemplate.execute(PostgreSQLAdvisoryLockTemplate.java:73)
	at org.flywaydb.database.postgresql.PostgreSQLAdvisoryLockTemplate.lambda$execute$0(PostgreSQLAdvisoryLockTemplate.java:56)
	at org.flywaydb.core.internal.jdbc.TransactionalExecutionTemplate.execute(TransactionalExecutionTemplate.java:55)
	at org.flywaydb.database.postgresql.PostgreSQLAdvisoryLockTemplate.execute(PostgreSQLAdvisoryLockTemplate.java:56)
	at org.flywaydb.database.postgresql.PostgreSQLConnection.lock(PostgreSQLConnection.java:96)
	at org.flywaydb.core.internal.schemahistory.JdbcTableSchemaHistory.lock(JdbcTableSchemaHistory.java:145)
	at org.flywaydb.core.internal.command.DbMigrate.migrateAll(DbMigrate.java:139)
	at org.flywaydb.core.internal.command.DbMigrate.migrate(DbMigrate.java:97)
	at org.flywaydb.core.Flyway.lambda$migrate$0(Flyway.java:202)
	at org.flywaydb.core.FlywayExecutor.execute(FlywayExecutor.java:205)
	at org.flywaydb.core.Flyway.migrate(Flyway.java:147)
	at org.springframework.boot.autoconfigure.flyway.FlywayMigrationInitializer.afterPropertiesSet(FlywayMigrationInitializer.java:66)
	at org.springframework.beans.factory.support.AbstractAutowireCapableBeanFactory.invokeInitMethods(AbstractAutowireCapableBeanFactory.java:1853)
	at org.springframework.beans.factory.support.AbstractAutowireCapableBeanFactory.initializeBean(AbstractAutowireCapableBeanFactory.java:1802)
	... 106 common frames omitted
Caused by: org.flywaydb.core.internal.sqlscript.FlywaySqlScriptException: Migration V7__create_triggers.sql failed
----------------------------------------
SQL State  : 42601
Error Code : 0
Message    : ERROR: syntax error at or near "FUNCTION"
  Position: 97
Location   : db/migration/V7__create_triggers.sql (C:\Users\ernes\Downloads\utility\utility\target\classes\db\migration\V7__create_triggers.sql)
Line       : 25
Statement  : CREATE TRIGGER trg_notify_bill_generated
    AFTER INSERT ON bills
    FOR EACH ROW
    EXECUTE FUNCTION fn_notify_bill_generated()

	at org.flywaydb.core.internal.sqlscript.DefaultSqlScriptExecutor.handleException(DefaultSqlScriptExecutor.java:252)
	at org.flywaydb.core.internal.sqlscript.DefaultSqlScriptExecutor.executeStatement(DefaultSqlScriptExecutor.java:214)
	at org.flywaydb.core.internal.sqlscript.DefaultSqlScriptExecutor.execute(DefaultSqlScriptExecutor.java:133)
	at org.flywaydb.core.internal.resolver.sql.SqlMigrationExecutor.executeOnce(SqlMigrationExecutor.java:65)
	at org.flywaydb.core.internal.resolver.sql.SqlMigrationExecutor.lambda$execute$0(SqlMigrationExecutor.java:57)
	at org.flywaydb.core.internal.database.DefaultExecutionStrategy.execute(DefaultExecutionStrategy.java:27)
	at org.flywaydb.core.internal.resolver.sql.SqlMigrationExecutor.execute(SqlMigrationExecutor.java:56)
	at org.flywaydb.core.internal.command.DbMigrate.doMigrateGroup(DbMigrate.java:374)
	... 125 common frames omitted
Caused by: org.postgresql.util.PSQLException: ERROR: syntax error at or near "FUNCTION"
  Position: 97
	at org.postgresql.core.v3.QueryExecutorImpl.receiveErrorResponse(QueryExecutorImpl.java:2733)
	at org.postgresql.core.v3.QueryExecutorImpl.processResults(QueryExecutorImpl.java:2420)
	at org.postgresql.core.v3.QueryExecutorImpl.execute(QueryExecutorImpl.java:372)
	at org.postgresql.jdbc.PgStatement.executeInternal(PgStatement.java:517)
	at org.postgresql.jdbc.PgStatement.execute(PgStatement.java:434)
	at org.postgresql.jdbc.PgStatement.executeWithFlags(PgStatement.java:356)
	at org.postgresql.jdbc.PgStatement.executeCachedSql(PgStatement.java:341)
	at org.postgresql.jdbc.PgStatement.executeWithFlags(PgStatement.java:317)
	at org.postgresql.jdbc.PgStatement.execute(PgStatement.java:312)
	at com.zaxxer.hikari.pool.ProxyStatement.execute(ProxyStatement.java:94)
	at com.zaxxer.hikari.pool.HikariProxyStatement.execute(HikariProxyStatement.java)
	at org.flywaydb.core.internal.jdbc.JdbcTemplate.executeStatement(JdbcTemplate.java:210)
	at org.flywaydb.core.internal.sqlscript.ParsedSqlStatement.execute(ParsedSqlStatement.java:89)
	at org.flywaydb.core.internal.sqlscript.DefaultSqlScriptExecutor.executeStatement(DefaultSqlScriptExecutor.java:206)
	... 131 common frames omitted
2026-06-05 11:02:44 [restartedMain] INFO  com.exam.utility.UtilityApplication - Starting UtilityApplication using Java 23.0.2 with PID 11460 (C:\Users\ernes\Downloads\utility\utility\target\classes started by ernes in C:\Users\ernes\Downloads\utility\utility)
2026-06-05 11:02:44 [restartedMain] DEBUG com.exam.utility.UtilityApplication - Running with Spring Boot v3.3.5, Spring v6.1.14
2026-06-05 11:02:44 [restartedMain] INFO  com.exam.utility.UtilityApplication - The following 1 profile is active: "dev"
2026-06-05 11:02:45 [restartedMain] INFO  o.s.b.d.e.DevToolsPropertyDefaultsPostProcessor - Devtools property defaults active! Set 'spring.devtools.add-properties' to 'false' to disable
2026-06-05 11:02:45 [restartedMain] INFO  o.s.b.d.e.DevToolsPropertyDefaultsPostProcessor - For additional web related logging consider setting the 'logging.level.web' property to 'DEBUG'
2026-06-05 11:02:58 [restartedMain] INFO  o.s.d.r.c.RepositoryConfigurationDelegate - Bootstrapping Spring Data JPA repositories in DEFAULT mode.
2026-06-05 11:02:59 [restartedMain] INFO  o.s.d.r.c.RepositoryConfigurationDelegate - Finished Spring Data repository scanning in 1075 ms. Found 24 JPA repository interfaces.
2026-06-05 11:03:08 [restartedMain] INFO  o.s.b.w.e.tomcat.TomcatWebServer - Tomcat initialized with port 8080 (http)
2026-06-05 11:03:08 [restartedMain] INFO  o.a.catalina.core.StandardService - Starting service [Tomcat]
2026-06-05 11:03:08 [restartedMain] INFO  o.a.catalina.core.StandardEngine - Starting Servlet engine: [Apache Tomcat/10.1.31]
2026-06-05 11:03:09 [restartedMain] INFO  o.a.c.c.C.[.[localhost].[/api/v1] - Initializing Spring embedded WebApplicationContext
2026-06-05 11:03:09 [restartedMain] INFO  o.s.b.w.s.c.ServletWebServerApplicationContext - Root WebApplicationContext: initialization completed in 24161 ms
2026-06-05 11:03:12 [restartedMain] INFO  com.zaxxer.hikari.HikariDataSource - UtilityBillingHikariPool - Starting...
2026-06-05 11:03:13 [restartedMain] INFO  com.zaxxer.hikari.pool.HikariPool - UtilityBillingHikariPool - Added connection org.postgresql.jdbc.PgConnection@7f4be89b
2026-06-05 11:03:13 [restartedMain] INFO  com.zaxxer.hikari.HikariDataSource - UtilityBillingHikariPool - Start completed.
2026-06-05 11:03:13 [restartedMain] INFO  org.flywaydb.core.FlywayExecutor - Database: jdbc:postgresql://localhost:5432/utility_billing (PostgreSQL 10.23)
2026-06-05 11:03:14 [restartedMain] INFO  o.f.core.internal.command.DbValidate - Successfully validated 8 migrations (execution time 00:00.727s)
2026-06-05 11:03:14 [restartedMain] INFO  o.f.core.internal.command.DbMigrate - Current version of schema "public": 6
2026-06-05 11:03:14 [restartedMain] INFO  o.f.core.internal.command.DbMigrate - Migrating schema "public" to version "7 - create triggers"
2026-06-05 11:03:15 [restartedMain] INFO  o.f.c.i.s.DefaultSqlScriptExecutor - DB: trigger "trg_notify_bill_generated" for relation "bills" does not exist, skipping
2026-06-05 11:03:15 [restartedMain] INFO  o.f.c.i.s.DefaultSqlScriptExecutor - DB: trigger "trg_auto_mark_bill_paid" for relation "bills" does not exist, skipping
2026-06-05 11:03:15 [restartedMain] INFO  o.f.c.i.s.DefaultSqlScriptExecutor - DB: trigger "trg_notify_payment_received" for relation "payments" does not exist, skipping
2026-06-05 11:03:15 [restartedMain] INFO  o.f.c.i.s.DefaultSqlScriptExecutor - DB: trigger "trg_audit_bill_status" for relation "bills" does not exist, skipping
2026-06-05 11:03:15 [restartedMain] INFO  o.f.core.internal.command.DbMigrate - Migrating schema "public" to version "8 - create stored procedures"
2026-06-05 11:03:15 [restartedMain] ERROR o.f.core.internal.command.DbMigrate - Migration of schema "public" to version "8 - create stored procedures" failed! Changes successfully rolled back.
2026-06-05 11:03:15 [restartedMain] ERROR o.s.b.w.e.tomcat.TomcatStarter - Error starting Tomcat context. Exception: org.springframework.beans.factory.UnsatisfiedDependencyException. Message: Error creating bean with name 'jwtAuthenticationFilter' defined in file [C:\Users\ernes\Downloads\utility\utility\target\classes\com\exam\utility\security\JwtAuthenticationFilter.class]: Unsatisfied dependency expressed through constructor parameter 1: Error creating bean with name 'userDetailsServiceImpl' defined in file [C:\Users\ernes\Downloads\utility\utility\target\classes\com\exam\utility\service\impl\UserDetailsServiceImpl.class]: Unsatisfied dependency expressed through constructor parameter 0: Error creating bean with name 'userRepository' defined in com.exam.utility.repository.UserRepository defined in @EnableJpaRepositories declared on JpaRepositoriesRegistrar.EnableJpaRepositoriesConfiguration: Cannot resolve reference to bean 'jpaSharedEM_entityManagerFactory' while setting bean property 'entityManager'
2026-06-05 11:03:16 [restartedMain] INFO  o.a.catalina.core.StandardService - Stopping service [Tomcat]
2026-06-05 11:03:16 [restartedMain] WARN  o.a.c.loader.WebappClassLoaderBase - The web application [api#v1] appears to have started a thread named [UtilityBillingHikariPool housekeeper] but has failed to stop it. This is very likely to create a memory leak. Stack trace of thread:
 java.base/jdk.internal.misc.Unsafe.park(Native Method)
 java.base/java.util.concurrent.locks.LockSupport.parkNanos(LockSupport.java:269)
 java.base/java.util.concurrent.locks.AbstractQueuedSynchronizer$ConditionObject.awaitNanos(AbstractQueuedSynchronizer.java:1763)
 java.base/java.util.concurrent.ScheduledThreadPoolExecutor$DelayedWorkQueue.take(ScheduledThreadPoolExecutor.java:1182)
 java.base/java.util.concurrent.ScheduledThreadPoolExecutor$DelayedWorkQueue.take(ScheduledThreadPoolExecutor.java:899)
 java.base/java.util.concurrent.ThreadPoolExecutor.getTask(ThreadPoolExecutor.java:1070)
 java.base/java.util.concurrent.ThreadPoolExecutor.runWorker(ThreadPoolExecutor.java:1130)
 java.base/java.util.concurrent.ThreadPoolExecutor$Worker.run(ThreadPoolExecutor.java:642)
 java.base/java.lang.Thread.run(Thread.java:1575)
2026-06-05 11:03:16 [restartedMain] WARN  o.a.c.loader.WebappClassLoaderBase - The web application [api#v1] appears to have started a thread named [UtilityBillingHikariPool connection adder] but has failed to stop it. This is very likely to create a memory leak. Stack trace of thread:
 java.base/jdk.internal.misc.Unsafe.park(Native Method)
 java.base/java.util.concurrent.locks.LockSupport.parkNanos(LockSupport.java:269)
 java.base/java.util.concurrent.locks.AbstractQueuedSynchronizer$ConditionObject.awaitNanos(AbstractQueuedSynchronizer.java:1763)
 java.base/java.util.concurrent.LinkedBlockingQueue.poll(LinkedBlockingQueue.java:460)
 java.base/java.util.concurrent.ThreadPoolExecutor.getTask(ThreadPoolExecutor.java:1069)
 java.base/java.util.concurrent.ThreadPoolExecutor.runWorker(ThreadPoolExecutor.java:1130)
 java.base/java.util.concurrent.ThreadPoolExecutor$Worker.run(ThreadPoolExecutor.java:642)
 java.base/java.lang.Thread.run(Thread.java:1575)
2026-06-05 11:03:16 [restartedMain] WARN  o.s.b.w.s.c.AnnotationConfigServletWebServerApplicationContext - Exception encountered during context initialization - cancelling refresh attempt: org.springframework.context.ApplicationContextException: Unable to start web server
2026-06-05 11:03:16 [restartedMain] INFO  com.zaxxer.hikari.HikariDataSource - UtilityBillingHikariPool - Shutdown initiated...
2026-06-05 11:03:16 [restartedMain] INFO  com.zaxxer.hikari.HikariDataSource - UtilityBillingHikariPool - Shutdown completed.
2026-06-05 11:03:16 [restartedMain] INFO  o.s.b.a.l.ConditionEvaluationReportLogger - 

Error starting ApplicationContext. To display the condition evaluation report re-run your application with 'debug' enabled.
2026-06-05 11:03:16 [restartedMain] ERROR o.s.boot.SpringApplication - Application run failed
org.springframework.context.ApplicationContextException: Unable to start web server
	at org.springframework.boot.web.servlet.context.ServletWebServerApplicationContext.onRefresh(ServletWebServerApplicationContext.java:165)
	at org.springframework.context.support.AbstractApplicationContext.refresh(AbstractApplicationContext.java:619)
	at org.springframework.boot.web.servlet.context.ServletWebServerApplicationContext.refresh(ServletWebServerApplicationContext.java:146)
	at org.springframework.boot.SpringApplication.refresh(SpringApplication.java:754)
	at org.springframework.boot.SpringApplication.refreshContext(SpringApplication.java:456)
	at org.springframework.boot.SpringApplication.run(SpringApplication.java:335)
	at org.springframework.boot.SpringApplication.run(SpringApplication.java:1363)
	at org.springframework.boot.SpringApplication.run(SpringApplication.java:1352)
	at com.exam.utility.UtilityApplication.main(UtilityApplication.java:17)
	at java.base/jdk.internal.reflect.DirectMethodHandleAccessor.invoke(DirectMethodHandleAccessor.java:103)
	at java.base/java.lang.reflect.Method.invoke(Method.java:580)
	at org.springframework.boot.devtools.restart.RestartLauncher.run(RestartLauncher.java:50)
Caused by: org.springframework.boot.web.server.WebServerException: Unable to start embedded Tomcat
	at org.springframework.boot.web.embedded.tomcat.TomcatWebServer.initialize(TomcatWebServer.java:147)
	at org.springframework.boot.web.embedded.tomcat.TomcatWebServer.<init>(TomcatWebServer.java:107)
	at org.springframework.boot.web.embedded.tomcat.TomcatServletWebServerFactory.getTomcatWebServer(TomcatServletWebServerFactory.java:516)
	at org.springframework.boot.web.embedded.tomcat.TomcatServletWebServerFactory.getWebServer(TomcatServletWebServerFactory.java:222)
	at org.springframework.boot.web.servlet.context.ServletWebServerApplicationContext.createWebServer(ServletWebServerApplicationContext.java:188)
	at org.springframework.boot.web.servlet.context.ServletWebServerApplicationContext.onRefresh(ServletWebServerApplicationContext.java:162)
	... 11 common frames omitted
Caused by: org.springframework.beans.factory.UnsatisfiedDependencyException: Error creating bean with name 'jwtAuthenticationFilter' defined in file [C:\Users\ernes\Downloads\utility\utility\target\classes\com\exam\utility\security\JwtAuthenticationFilter.class]: Unsatisfied dependency expressed through constructor parameter 1: Error creating bean with name 'userDetailsServiceImpl' defined in file [C:\Users\ernes\Downloads\utility\utility\target\classes\com\exam\utility\service\impl\UserDetailsServiceImpl.class]: Unsatisfied dependency expressed through constructor parameter 0: Error creating bean with name 'userRepository' defined in com.exam.utility.repository.UserRepository defined in @EnableJpaRepositories declared on JpaRepositoriesRegistrar.EnableJpaRepositoriesConfiguration: Cannot resolve reference to bean 'jpaSharedEM_entityManagerFactory' while setting bean property 'entityManager'
	at org.springframework.beans.factory.support.ConstructorResolver.createArgumentArray(ConstructorResolver.java:795)
	at org.springframework.beans.factory.support.ConstructorResolver.autowireConstructor(ConstructorResolver.java:237)
	at org.springframework.beans.factory.support.AbstractAutowireCapableBeanFactory.autowireConstructor(AbstractAutowireCapableBeanFactory.java:1375)
	at org.springframework.beans.factory.support.AbstractAutowireCapableBeanFactory.createBeanInstance(AbstractAutowireCapableBeanFactory.java:1212)
	at org.springframework.beans.factory.support.AbstractAutowireCapableBeanFactory.doCreateBean(AbstractAutowireCapableBeanFactory.java:562)
	at org.springframework.beans.factory.support.AbstractAutowireCapableBeanFactory.createBean(AbstractAutowireCapableBeanFactory.java:522)
	at org.springframework.beans.factory.support.AbstractBeanFactory.lambda$doGetBean$0(AbstractBeanFactory.java:337)
	at org.springframework.beans.factory.support.DefaultSingletonBeanRegistry.getSingleton(DefaultSingletonBeanRegistry.java:234)
	at org.springframework.beans.factory.support.AbstractBeanFactory.doGetBean(AbstractBeanFactory.java:335)
	at org.springframework.beans.factory.support.AbstractBeanFactory.getBean(AbstractBeanFactory.java:205)
	at org.springframework.boot.web.servlet.ServletContextInitializerBeans.getOrderedBeansOfType(ServletContextInitializerBeans.java:211)
	at org.springframework.boot.web.servlet.ServletContextInitializerBeans.addAsRegistrationBean(ServletContextInitializerBeans.java:174)
	at org.springframework.boot.web.servlet.ServletContextInitializerBeans.addAsRegistrationBean(ServletContextInitializerBeans.java:169)
	at org.springframework.boot.web.servlet.ServletContextInitializerBeans.addAdaptableBeans(ServletContextInitializerBeans.java:154)
	at org.springframework.boot.web.servlet.ServletContextInitializerBeans.<init>(ServletContextInitializerBeans.java:87)
	at org.springframework.boot.web.servlet.context.ServletWebServerApplicationContext.getServletContextInitializerBeans(ServletWebServerApplicationContext.java:266)
	at org.springframework.boot.web.servlet.context.ServletWebServerApplicationContext.selfInitialize(ServletWebServerApplicationContext.java:240)
	at org.springframework.boot.web.embedded.tomcat.TomcatStarter.onStartup(TomcatStarter.java:52)
	at org.apache.catalina.core.StandardContext.startInternal(StandardContext.java:4412)
	at org.apache.catalina.util.LifecycleBase.start(LifecycleBase.java:164)
	at org.apache.catalina.core.ContainerBase$StartChild.call(ContainerBase.java:1203)
	at org.apache.catalina.core.ContainerBase$StartChild.call(ContainerBase.java:1193)
	at java.base/java.util.concurrent.FutureTask.run(FutureTask.java:317)
	at org.apache.tomcat.util.threads.InlineExecutorService.execute(InlineExecutorService.java:75)
	at java.base/java.util.concurrent.AbstractExecutorService.submit(AbstractExecutorService.java:148)
	at org.apache.catalina.core.ContainerBase.startInternal(ContainerBase.java:749)
	at org.apache.catalina.core.StandardHost.startInternal(StandardHost.java:772)
	at org.apache.catalina.util.LifecycleBase.start(LifecycleBase.java:164)
	at org.apache.catalina.core.ContainerBase$StartChild.call(ContainerBase.java:1203)
	at org.apache.catalina.core.ContainerBase$StartChild.call(ContainerBase.java:1193)
	at java.base/java.util.concurrent.FutureTask.run(FutureTask.java:317)
	at org.apache.tomcat.util.threads.InlineExecutorService.execute(InlineExecutorService.java:75)
	at java.base/java.util.concurrent.AbstractExecutorService.submit(AbstractExecutorService.java:148)
	at org.apache.catalina.core.ContainerBase.startInternal(ContainerBase.java:749)
	at org.apache.catalina.core.StandardEngine.startInternal(StandardEngine.java:203)
	at org.apache.catalina.util.LifecycleBase.start(LifecycleBase.java:164)
	at org.apache.catalina.core.StandardService.startInternal(StandardService.java:415)
	at org.apache.catalina.util.LifecycleBase.start(LifecycleBase.java:164)
	at org.apache.catalina.core.StandardServer.startInternal(StandardServer.java:870)
	at org.apache.catalina.util.LifecycleBase.start(LifecycleBase.java:164)
	at org.apache.catalina.startup.Tomcat.start(Tomcat.java:437)
	at org.springframework.boot.web.embedded.tomcat.TomcatWebServer.initialize(TomcatWebServer.java:128)
	... 16 common frames omitted
Caused by: org.springframework.beans.factory.UnsatisfiedDependencyException: Error creating bean with name 'userDetailsServiceImpl' defined in file [C:\Users\ernes\Downloads\utility\utility\target\classes\com\exam\utility\service\impl\UserDetailsServiceImpl.class]: Unsatisfied dependency expressed through constructor parameter 0: Error creating bean with name 'userRepository' defined in com.exam.utility.repository.UserRepository defined in @EnableJpaRepositories declared on JpaRepositoriesRegistrar.EnableJpaRepositoriesConfiguration: Cannot resolve reference to bean 'jpaSharedEM_entityManagerFactory' while setting bean property 'entityManager'
	at org.springframework.beans.factory.support.ConstructorResolver.createArgumentArray(ConstructorResolver.java:795)
	at org.springframework.beans.factory.support.ConstructorResolver.autowireConstructor(ConstructorResolver.java:237)
	at org.springframework.beans.factory.support.AbstractAutowireCapableBeanFactory.autowireConstructor(AbstractAutowireCapableBeanFactory.java:1375)
	at org.springframework.beans.factory.support.AbstractAutowireCapableBeanFactory.createBeanInstance(AbstractAutowireCapableBeanFactory.java:1212)
	at org.springframework.beans.factory.support.AbstractAutowireCapableBeanFactory.doCreateBean(AbstractAutowireCapableBeanFactory.java:562)
	at org.springframework.beans.factory.support.AbstractAutowireCapableBeanFactory.createBean(AbstractAutowireCapableBeanFactory.java:522)
	at org.springframework.beans.factory.support.AbstractBeanFactory.lambda$doGetBean$0(AbstractBeanFactory.java:337)
	at org.springframework.beans.factory.support.DefaultSingletonBeanRegistry.getSingleton(DefaultSingletonBeanRegistry.java:234)
	at org.springframework.beans.factory.support.AbstractBeanFactory.doGetBean(AbstractBeanFactory.java:335)
	at org.springframework.beans.factory.support.AbstractBeanFactory.getBean(AbstractBeanFactory.java:200)
	at org.springframework.beans.factory.config.DependencyDescriptor.resolveCandidate(DependencyDescriptor.java:254)
	at org.springframework.beans.factory.support.DefaultListableBeanFactory.doResolveDependency(DefaultListableBeanFactory.java:1443)
	at org.springframework.beans.factory.support.DefaultListableBeanFactory.resolveDependency(DefaultListableBeanFactory.java:1353)
	at org.springframework.beans.factory.support.ConstructorResolver.resolveAutowiredArgument(ConstructorResolver.java:904)
	at org.springframework.beans.factory.support.ConstructorResolver.createArgumentArray(ConstructorResolver.java:782)
	... 57 common frames omitted
Caused by: org.springframework.beans.factory.BeanCreationException: Error creating bean with name 'userRepository' defined in com.exam.utility.repository.UserRepository defined in @EnableJpaRepositories declared on JpaRepositoriesRegistrar.EnableJpaRepositoriesConfiguration: Cannot resolve reference to bean 'jpaSharedEM_entityManagerFactory' while setting bean property 'entityManager'
	at org.springframework.beans.factory.support.BeanDefinitionValueResolver.resolveReference(BeanDefinitionValueResolver.java:377)
	at org.springframework.beans.factory.support.BeanDefinitionValueResolver.resolveValueIfNecessary(BeanDefinitionValueResolver.java:135)
	at org.springframework.beans.factory.support.AbstractAutowireCapableBeanFactory.applyPropertyValues(AbstractAutowireCapableBeanFactory.java:1705)
	at org.springframework.beans.factory.support.AbstractAutowireCapableBeanFactory.populateBean(AbstractAutowireCapableBeanFactory.java:1454)
	at org.springframework.beans.factory.support.AbstractAutowireCapableBeanFactory.doCreateBean(AbstractAutowireCapableBeanFactory.java:599)
	at org.springframework.beans.factory.support.AbstractAutowireCapableBeanFactory.createBean(AbstractAutowireCapableBeanFactory.java:522)
	at org.springframework.beans.factory.support.AbstractBeanFactory.lambda$doGetBean$0(AbstractBeanFactory.java:337)
	at org.springframework.beans.factory.support.DefaultSingletonBeanRegistry.getSingleton(DefaultSingletonBeanRegistry.java:234)
	at org.springframework.beans.factory.support.AbstractBeanFactory.doGetBean(AbstractBeanFactory.java:335)
	at org.springframework.beans.factory.support.AbstractBeanFactory.getBean(AbstractBeanFactory.java:200)
	at org.springframework.beans.factory.config.DependencyDescriptor.resolveCandidate(DependencyDescriptor.java:254)
	at org.springframework.beans.factory.support.DefaultListableBeanFactory.doResolveDependency(DefaultListableBeanFactory.java:1443)
	at org.springframework.beans.factory.support.DefaultListableBeanFactory.resolveDependency(DefaultListableBeanFactory.java:1353)
	at org.springframework.beans.factory.support.ConstructorResolver.resolveAutowiredArgument(ConstructorResolver.java:904)
	at org.springframework.beans.factory.support.ConstructorResolver.createArgumentArray(ConstructorResolver.java:782)
	... 71 common frames omitted
Caused by: org.springframework.beans.factory.BeanCreationException: Error creating bean with name 'jpaSharedEM_entityManagerFactory': Cannot resolve reference to bean 'entityManagerFactory' while setting constructor argument
	at org.springframework.beans.factory.support.BeanDefinitionValueResolver.resolveReference(BeanDefinitionValueResolver.java:377)
	at org.springframework.beans.factory.support.BeanDefinitionValueResolver.resolveValueIfNecessary(BeanDefinitionValueResolver.java:135)
	at org.springframework.beans.factory.support.ConstructorResolver.resolveConstructorArguments(ConstructorResolver.java:682)
	at org.springframework.beans.factory.support.ConstructorResolver.instantiateUsingFactoryMethod(ConstructorResolver.java:509)
	at org.springframework.beans.factory.support.AbstractAutowireCapableBeanFactory.instantiateUsingFactoryMethod(AbstractAutowireCapableBeanFactory.java:1355)
	at org.springframework.beans.factory.support.AbstractAutowireCapableBeanFactory.createBeanInstance(AbstractAutowireCapableBeanFactory.java:1185)
	at org.springframework.beans.factory.support.AbstractAutowireCapableBeanFactory.doCreateBean(AbstractAutowireCapableBeanFactory.java:562)
	at org.springframework.beans.factory.support.AbstractAutowireCapableBeanFactory.createBean(AbstractAutowireCapableBeanFactory.java:522)
	at org.springframework.beans.factory.support.AbstractBeanFactory.lambda$doGetBean$0(AbstractBeanFactory.java:337)
	at org.springframework.beans.factory.support.DefaultSingletonBeanRegistry.getSingleton(DefaultSingletonBeanRegistry.java:234)
	at org.springframework.beans.factory.support.AbstractBeanFactory.doGetBean(AbstractBeanFactory.java:335)
	at org.springframework.beans.factory.support.AbstractBeanFactory.getBean(AbstractBeanFactory.java:200)
	at org.springframework.beans.factory.support.BeanDefinitionValueResolver.resolveReference(BeanDefinitionValueResolver.java:365)
	... 85 common frames omitted
Caused by: org.springframework.beans.factory.BeanCreationException: Error creating bean with name 'flywayInitializer' defined in class path resource [org/springframework/boot/autoconfigure/flyway/FlywayAutoConfiguration$FlywayConfiguration.class]: Migration V8__create_stored_procedures.sql failed
-------------------------------------------------
SQL State  : 42601
Error Code : 0
Message    : ERROR: syntax error at or near "PROCEDURE"
  Position: 232
Location   : db/migration/V8__create_stored_procedures.sql (C:\Users\ernes\Downloads\utility\utility\target\classes\db\migration\V8__create_stored_procedures.sql)
Line       : 6
Statement  : -- =====================================================
-- V8: Stored Procedures and Functions
-- =====================================================

-- Procedure: Generate monthly bills for all active meters
CREATE OR REPLACE PROCEDURE sp_generate_monthly_bills(p_year INT, p_month INT)
LANGUAGE plpgsql AS $$
DECLARE
    v_cycle_id      BIGINT;
    v_due_date      DATE;
    v_bill_number   VARCHAR(30);
    v_meter         RECORD;
    v_reading       RECORD;
    v_tariff        RECORD;
    v_consumption   NUMERIC := 0;
    v_total         NUMERIC := 0;
    v_bills_created INT := 0;
BEGIN
    v_due_date := (DATE (p_year || '-' || LPAD(p_month::TEXT, 2, '0') || '-01') + INTERVAL '1 month' + INTERVAL '15 days')::DATE;

    INSERT INTO billing_cycles (billing_year, billing_month, start_date, end_date, due_date, created_by)
    VALUES (p_year, p_month,
            DATE(p_year || '-' || LPAD(p_month::TEXT, 2,'0') || '-01'),
            (DATE(p_year || '-' || LPAD(p_month::TEXT, 2,'0') || '-01') + INTERVAL '1 month - 1 day')::DATE,
            v_due_date, 'SYSTEM')
    ON CONFLICT (billing_year, billing_month) DO UPDATE SET updated_at = CURRENT_TIMESTAMP
    RETURNING id INTO v_cycle_id;

    FOR v_meter IN
        SELECT m.id, m.meter_type, m.customer_id, m.tariff_id
        FROM meters m
        JOIN customers c ON c.id = m.customer_id
        WHERE m.status = 'ACTIVE' AND c.status = 'ACTIVE'
    LOOP
        IF EXISTS (SELECT 1 FROM bills WHERE meter_id = v_meter.id AND billing_cycle_id = v_cycle_id) THEN
            CONTINUE;
        END IF;

        SELECT COALESCE(consumption, 0) INTO v_consumption
        FROM meter_readings
        WHERE meter_id = v_meter.id AND reading_year = p_year AND reading_month = p_month
        LIMIT 1;

        v_total := v_consumption * COALESCE(
            (SELECT flat_rate FROM tariffs WHERE id = v_meter.tariff_id AND active = TRUE), 200
        );

        v_bill_number := CASE WHEN v_meter.meter_type = 'WATER' THEN 'WB' ELSE 'EB' END
            || '-' || p_year || LPAD(p_month::TEXT, 2, '0')
            || '-' || LPAD((EXTRACT(EPOCH FROM NOW())::BIGINT % 999999)::TEXT, 6, '0');

        INSERT INTO bills (
            bill_number, customer_id, meter_id, billing_cycle_id,
            utility_type, consumption_amount, service_charge_amount, tax_amount,
            penalty_amount, total_amount, paid_amount, balance_amount,
            status, bill_date, due_date, created_by
        ) VALUES (
            v_bill_number, v_meter.customer_id, v_meter.id, v_cycle_id,
            v_meter.meter_type, v_total, 0, 0, 0, v_total, 0, v_total,
            'PENDING', CURRENT_DATE, v_due_date, 'SYSTEM'
        );

        v_bills_created := v_bills_created + 1;
    END LOOP;

    RAISE NOTICE 'Generated % bills for %/%', v_bills_created, p_year, p_month;
END;
$$

	at org.springframework.beans.factory.support.AbstractAutowireCapableBeanFactory.initializeBean(AbstractAutowireCapableBeanFactory.java:1806)
	at org.springframework.beans.factory.support.AbstractAutowireCapableBeanFactory.doCreateBean(AbstractAutowireCapableBeanFactory.java:600)
	at org.springframework.beans.factory.support.AbstractAutowireCapableBeanFactory.createBean(AbstractAutowireCapableBeanFactory.java:522)
	at org.springframework.beans.factory.support.AbstractBeanFactory.lambda$doGetBean$0(AbstractBeanFactory.java:337)
	at org.springframework.beans.factory.support.DefaultSingletonBeanRegistry.getSingleton(DefaultSingletonBeanRegistry.java:234)
	at org.springframework.beans.factory.support.AbstractBeanFactory.doGetBean(AbstractBeanFactory.java:335)
	at org.springframework.beans.factory.support.AbstractBeanFactory.getBean(AbstractBeanFactory.java:200)
	at org.springframework.beans.factory.support.AbstractBeanFactory.doGetBean(AbstractBeanFactory.java:313)
	at org.springframework.beans.factory.support.AbstractBeanFactory.getBean(AbstractBeanFactory.java:200)
	at org.springframework.beans.factory.support.BeanDefinitionValueResolver.resolveReference(BeanDefinitionValueResolver.java:365)
	... 97 common frames omitted
Caused by: org.flywaydb.core.internal.command.DbMigrate$FlywayMigrateException: Migration V8__create_stored_procedures.sql failed
-------------------------------------------------
SQL State  : 42601
Error Code : 0
Message    : ERROR: syntax error at or near "PROCEDURE"
  Position: 232
Location   : db/migration/V8__create_stored_procedures.sql (C:\Users\ernes\Downloads\utility\utility\target\classes\db\migration\V8__create_stored_procedures.sql)
Line       : 6
Statement  : -- =====================================================
-- V8: Stored Procedures and Functions
-- =====================================================

-- Procedure: Generate monthly bills for all active meters
CREATE OR REPLACE PROCEDURE sp_generate_monthly_bills(p_year INT, p_month INT)
LANGUAGE plpgsql AS $$
DECLARE
    v_cycle_id      BIGINT;
    v_due_date      DATE;
    v_bill_number   VARCHAR(30);
    v_meter         RECORD;
    v_reading       RECORD;
    v_tariff        RECORD;
    v_consumption   NUMERIC := 0;
    v_total         NUMERIC := 0;
    v_bills_created INT := 0;
BEGIN
    v_due_date := (DATE (p_year || '-' || LPAD(p_month::TEXT, 2, '0') || '-01') + INTERVAL '1 month' + INTERVAL '15 days')::DATE;

    INSERT INTO billing_cycles (billing_year, billing_month, start_date, end_date, due_date, created_by)
    VALUES (p_year, p_month,
            DATE(p_year || '-' || LPAD(p_month::TEXT, 2,'0') || '-01'),
            (DATE(p_year || '-' || LPAD(p_month::TEXT, 2,'0') || '-01') + INTERVAL '1 month - 1 day')::DATE,
            v_due_date, 'SYSTEM')
    ON CONFLICT (billing_year, billing_month) DO UPDATE SET updated_at = CURRENT_TIMESTAMP
    RETURNING id INTO v_cycle_id;

    FOR v_meter IN
        SELECT m.id, m.meter_type, m.customer_id, m.tariff_id
        FROM meters m
        JOIN customers c ON c.id = m.customer_id
        WHERE m.status = 'ACTIVE' AND c.status = 'ACTIVE'
    LOOP
        IF EXISTS (SELECT 1 FROM bills WHERE meter_id = v_meter.id AND billing_cycle_id = v_cycle_id) THEN
            CONTINUE;
        END IF;

        SELECT COALESCE(consumption, 0) INTO v_consumption
        FROM meter_readings
        WHERE meter_id = v_meter.id AND reading_year = p_year AND reading_month = p_month
        LIMIT 1;

        v_total := v_consumption * COALESCE(
            (SELECT flat_rate FROM tariffs WHERE id = v_meter.tariff_id AND active = TRUE), 200
        );

        v_bill_number := CASE WHEN v_meter.meter_type = 'WATER' THEN 'WB' ELSE 'EB' END
            || '-' || p_year || LPAD(p_month::TEXT, 2, '0')
            || '-' || LPAD((EXTRACT(EPOCH FROM NOW())::BIGINT % 999999)::TEXT, 6, '0');

        INSERT INTO bills (
            bill_number, customer_id, meter_id, billing_cycle_id,
            utility_type, consumption_amount, service_charge_amount, tax_amount,
            penalty_amount, total_amount, paid_amount, balance_amount,
            status, bill_date, due_date, created_by
        ) VALUES (
            v_bill_number, v_meter.customer_id, v_meter.id, v_cycle_id,
            v_meter.meter_type, v_total, 0, 0, 0, v_total, 0, v_total,
            'PENDING', CURRENT_DATE, v_due_date, 'SYSTEM'
        );

        v_bills_created := v_bills_created + 1;
    END LOOP;

    RAISE NOTICE 'Generated % bills for %/%', v_bills_created, p_year, p_month;
END;
$$

	at org.flywaydb.core.internal.command.DbMigrate.doMigrateGroup(DbMigrate.java:382)
	at org.flywaydb.core.internal.command.DbMigrate.lambda$applyMigrations$1(DbMigrate.java:272)
	at org.flywaydb.core.internal.jdbc.TransactionalExecutionTemplate.execute(TransactionalExecutionTemplate.java:55)
	at org.flywaydb.core.internal.command.DbMigrate.applyMigrations(DbMigrate.java:271)
	at org.flywaydb.core.internal.command.DbMigrate.migrateGroup(DbMigrate.java:244)
	at org.flywaydb.core.internal.command.DbMigrate.lambda$migrateAll$0(DbMigrate.java:139)
	at org.flywaydb.database.postgresql.PostgreSQLAdvisoryLockTemplate.execute(PostgreSQLAdvisoryLockTemplate.java:73)
	at org.flywaydb.database.postgresql.PostgreSQLAdvisoryLockTemplate.lambda$execute$0(PostgreSQLAdvisoryLockTemplate.java:56)
	at org.flywaydb.core.internal.jdbc.TransactionalExecutionTemplate.execute(TransactionalExecutionTemplate.java:55)
	at org.flywaydb.database.postgresql.PostgreSQLAdvisoryLockTemplate.execute(PostgreSQLAdvisoryLockTemplate.java:56)
	at org.flywaydb.database.postgresql.PostgreSQLConnection.lock(PostgreSQLConnection.java:96)
	at org.flywaydb.core.internal.schemahistory.JdbcTableSchemaHistory.lock(JdbcTableSchemaHistory.java:145)
	at org.flywaydb.core.internal.command.DbMigrate.migrateAll(DbMigrate.java:139)
	at org.flywaydb.core.internal.command.DbMigrate.migrate(DbMigrate.java:97)
	at org.flywaydb.core.Flyway.lambda$migrate$0(Flyway.java:202)
	at org.flywaydb.core.FlywayExecutor.execute(FlywayExecutor.java:205)
	at org.flywaydb.core.Flyway.migrate(Flyway.java:147)
	at org.springframework.boot.autoconfigure.flyway.FlywayMigrationInitializer.afterPropertiesSet(FlywayMigrationInitializer.java:66)
	at org.springframework.beans.factory.support.AbstractAutowireCapableBeanFactory.invokeInitMethods(AbstractAutowireCapableBeanFactory.java:1853)
	at org.springframework.beans.factory.support.AbstractAutowireCapableBeanFactory.initializeBean(AbstractAutowireCapableBeanFactory.java:1802)
	... 106 common frames omitted
Caused by: org.flywaydb.core.internal.sqlscript.FlywaySqlScriptException: Migration V8__create_stored_procedures.sql failed
-------------------------------------------------
SQL State  : 42601
Error Code : 0
Message    : ERROR: syntax error at or near "PROCEDURE"
  Position: 232
Location   : db/migration/V8__create_stored_procedures.sql (C:\Users\ernes\Downloads\utility\utility\target\classes\db\migration\V8__create_stored_procedures.sql)
Line       : 6
Statement  : -- =====================================================
-- V8: Stored Procedures and Functions
-- =====================================================

-- Procedure: Generate monthly bills for all active meters
CREATE OR REPLACE PROCEDURE sp_generate_monthly_bills(p_year INT, p_month INT)
LANGUAGE plpgsql AS $$
DECLARE
    v_cycle_id      BIGINT;
    v_due_date      DATE;
    v_bill_number   VARCHAR(30);
    v_meter         RECORD;
    v_reading       RECORD;
    v_tariff        RECORD;
    v_consumption   NUMERIC := 0;
    v_total         NUMERIC := 0;
    v_bills_created INT := 0;
BEGIN
    v_due_date := (DATE (p_year || '-' || LPAD(p_month::TEXT, 2, '0') || '-01') + INTERVAL '1 month' + INTERVAL '15 days')::DATE;

    INSERT INTO billing_cycles (billing_year, billing_month, start_date, end_date, due_date, created_by)
    VALUES (p_year, p_month,
            DATE(p_year || '-' || LPAD(p_month::TEXT, 2,'0') || '-01'),
            (DATE(p_year || '-' || LPAD(p_month::TEXT, 2,'0') || '-01') + INTERVAL '1 month - 1 day')::DATE,
            v_due_date, 'SYSTEM')
    ON CONFLICT (billing_year, billing_month) DO UPDATE SET updated_at = CURRENT_TIMESTAMP
    RETURNING id INTO v_cycle_id;

    FOR v_meter IN
        SELECT m.id, m.meter_type, m.customer_id, m.tariff_id
        FROM meters m
        JOIN customers c ON c.id = m.customer_id
        WHERE m.status = 'ACTIVE' AND c.status = 'ACTIVE'
    LOOP
        IF EXISTS (SELECT 1 FROM bills WHERE meter_id = v_meter.id AND billing_cycle_id = v_cycle_id) THEN
            CONTINUE;
        END IF;

        SELECT COALESCE(consumption, 0) INTO v_consumption
        FROM meter_readings
        WHERE meter_id = v_meter.id AND reading_year = p_year AND reading_month = p_month
        LIMIT 1;

        v_total := v_consumption * COALESCE(
            (SELECT flat_rate FROM tariffs WHERE id = v_meter.tariff_id AND active = TRUE), 200
        );

        v_bill_number := CASE WHEN v_meter.meter_type = 'WATER' THEN 'WB' ELSE 'EB' END
            || '-' || p_year || LPAD(p_month::TEXT, 2, '0')
            || '-' || LPAD((EXTRACT(EPOCH FROM NOW())::BIGINT % 999999)::TEXT, 6, '0');

        INSERT INTO bills (
            bill_number, customer_id, meter_id, billing_cycle_id,
            utility_type, consumption_amount, service_charge_amount, tax_amount,
            penalty_amount, total_amount, paid_amount, balance_amount,
            status, bill_date, due_date, created_by
        ) VALUES (
            v_bill_number, v_meter.customer_id, v_meter.id, v_cycle_id,
            v_meter.meter_type, v_total, 0, 0, 0, v_total, 0, v_total,
            'PENDING', CURRENT_DATE, v_due_date, 'SYSTEM'
        );

        v_bills_created := v_bills_created + 1;
    END LOOP;

    RAISE NOTICE 'Generated % bills for %/%', v_bills_created, p_year, p_month;
END;
$$

	at org.flywaydb.core.internal.sqlscript.DefaultSqlScriptExecutor.handleException(DefaultSqlScriptExecutor.java:252)
	at org.flywaydb.core.internal.sqlscript.DefaultSqlScriptExecutor.executeStatement(DefaultSqlScriptExecutor.java:214)
	at org.flywaydb.core.internal.sqlscript.DefaultSqlScriptExecutor.execute(DefaultSqlScriptExecutor.java:133)
	at org.flywaydb.core.internal.resolver.sql.SqlMigrationExecutor.executeOnce(SqlMigrationExecutor.java:65)
	at org.flywaydb.core.internal.resolver.sql.SqlMigrationExecutor.lambda$execute$0(SqlMigrationExecutor.java:57)
	at org.flywaydb.core.internal.database.DefaultExecutionStrategy.execute(DefaultExecutionStrategy.java:27)
	at org.flywaydb.core.internal.resolver.sql.SqlMigrationExecutor.execute(SqlMigrationExecutor.java:56)
	at org.flywaydb.core.internal.command.DbMigrate.doMigrateGroup(DbMigrate.java:374)
	... 125 common frames omitted
Caused by: org.postgresql.util.PSQLException: ERROR: syntax error at or near "PROCEDURE"
  Position: 232
	at org.postgresql.core.v3.QueryExecutorImpl.receiveErrorResponse(QueryExecutorImpl.java:2733)
	at org.postgresql.core.v3.QueryExecutorImpl.processResults(QueryExecutorImpl.java:2420)
	at org.postgresql.core.v3.QueryExecutorImpl.execute(QueryExecutorImpl.java:372)
	at org.postgresql.jdbc.PgStatement.executeInternal(PgStatement.java:517)
	at org.postgresql.jdbc.PgStatement.execute(PgStatement.java:434)
	at org.postgresql.jdbc.PgStatement.executeWithFlags(PgStatement.java:356)
	at org.postgresql.jdbc.PgStatement.executeCachedSql(PgStatement.java:341)
	at org.postgresql.jdbc.PgStatement.executeWithFlags(PgStatement.java:317)
	at org.postgresql.jdbc.PgStatement.execute(PgStatement.java:312)
	at com.zaxxer.hikari.pool.ProxyStatement.execute(ProxyStatement.java:94)
	at com.zaxxer.hikari.pool.HikariProxyStatement.execute(HikariProxyStatement.java)
	at org.flywaydb.core.internal.jdbc.JdbcTemplate.executeStatement(JdbcTemplate.java:210)
	at org.flywaydb.core.internal.sqlscript.ParsedSqlStatement.execute(ParsedSqlStatement.java:89)
	at org.flywaydb.core.internal.sqlscript.DefaultSqlScriptExecutor.executeStatement(DefaultSqlScriptExecutor.java:206)
	... 131 common frames omitted
2026-06-05 11:19:36 [restartedMain] INFO  com.exam.utility.UtilityApplication - Starting UtilityApplication using Java 23.0.2 with PID 21112 (C:\Users\ernes\Downloads\utility\utility\target\classes started by ernes in C:\Users\ernes\Downloads\utility\utility)
2026-06-05 11:19:36 [restartedMain] DEBUG com.exam.utility.UtilityApplication - Running with Spring Boot v3.3.5, Spring v6.1.14
2026-06-05 11:19:36 [restartedMain] INFO  com.exam.utility.UtilityApplication - The following 1 profile is active: "dev"
2026-06-05 11:19:37 [restartedMain] INFO  o.s.b.d.e.DevToolsPropertyDefaultsPostProcessor - Devtools property defaults active! Set 'spring.devtools.add-properties' to 'false' to disable
2026-06-05 11:19:37 [restartedMain] INFO  o.s.b.d.e.DevToolsPropertyDefaultsPostProcessor - For additional web related logging consider setting the 'logging.level.web' property to 'DEBUG'
2026-06-05 11:19:46 [restartedMain] INFO  o.s.d.r.c.RepositoryConfigurationDelegate - Bootstrapping Spring Data JPA repositories in DEFAULT mode.
2026-06-05 11:19:47 [restartedMain] INFO  o.s.d.r.c.RepositoryConfigurationDelegate - Finished Spring Data repository scanning in 559 ms. Found 24 JPA repository interfaces.
2026-06-05 11:19:50 [restartedMain] INFO  o.s.b.w.e.tomcat.TomcatWebServer - Tomcat initialized with port 8080 (http)
2026-06-05 11:19:50 [restartedMain] INFO  o.a.catalina.core.StandardService - Starting service [Tomcat]
2026-06-05 11:19:50 [restartedMain] INFO  o.a.catalina.core.StandardEngine - Starting Servlet engine: [Apache Tomcat/10.1.31]
2026-06-05 11:19:51 [restartedMain] INFO  o.a.c.c.C.[.[localhost].[/api/v1] - Initializing Spring embedded WebApplicationContext
2026-06-05 11:19:51 [restartedMain] INFO  o.s.b.w.s.c.ServletWebServerApplicationContext - Root WebApplicationContext: initialization completed in 13893 ms
2026-06-05 11:19:52 [restartedMain] INFO  com.zaxxer.hikari.HikariDataSource - UtilityBillingHikariPool - Starting...
2026-06-05 11:19:53 [restartedMain] INFO  com.zaxxer.hikari.pool.HikariPool - UtilityBillingHikariPool - Added connection org.postgresql.jdbc.PgConnection@5f5b0a59
2026-06-05 11:19:53 [restartedMain] INFO  com.zaxxer.hikari.HikariDataSource - UtilityBillingHikariPool - Start completed.
2026-06-05 11:19:53 [restartedMain] INFO  org.flywaydb.core.FlywayExecutor - Database: jdbc:postgresql://localhost:5432/utility_billing (PostgreSQL 10.23)
2026-06-05 11:19:53 [restartedMain] INFO  o.f.core.internal.command.DbValidate - Successfully validated 8 migrations (execution time 00:00.458s)
2026-06-05 11:19:53 [restartedMain] INFO  o.f.core.internal.command.DbMigrate - Current version of schema "public": 7
2026-06-05 11:19:54 [restartedMain] INFO  o.f.core.internal.command.DbMigrate - Migrating schema "public" to version "8 - create stored procedures"
2026-06-05 11:19:54 [restartedMain] INFO  o.f.core.internal.command.DbMigrate - Successfully applied 1 migration to schema "public", now at version v8 (execution time 00:00.278s)
2026-06-05 11:19:54 [restartedMain] INFO  o.h.jpa.internal.util.LogHelper - HHH000204: Processing PersistenceUnitInfo [name: default]
2026-06-05 11:19:55 [restartedMain] INFO  org.hibernate.Version - HHH000412: Hibernate ORM core version 6.5.3.Final
2026-06-05 11:19:55 [restartedMain] INFO  o.h.c.i.RegionFactoryInitiator - HHH000026: Second-level cache disabled
2026-06-05 11:19:56 [restartedMain] INFO  o.s.o.j.p.SpringPersistenceUnitInfo - No LoadTimeWeaver setup: ignoring JPA class transformer
2026-06-05 11:19:56 [restartedMain] WARN  org.hibernate.dialect.Dialect - HHH000511: The 10.23.0 version for [org.hibernate.dialect.PostgreSQLDialect] is no longer supported, hence certain features may not work properly. The minimum supported version is 12.0.0. Check the community dialects project for available legacy versions.
2026-06-05 11:19:56 [restartedMain] WARN  org.hibernate.orm.deprecation - HHH90000025: PostgreSQLDialect does not need to be specified explicitly using 'hibernate.dialect' (remove the property setting and it will be selected by default)
2026-06-05 11:20:02 [restartedMain] INFO  o.h.e.t.j.p.i.JtaPlatformInitiator - HHH000489: No JTA platform available (set 'hibernate.transaction.jta.platform' to enable JTA platform integration)
2026-06-05 11:20:02 [restartedMain] ERROR o.s.o.j.LocalContainerEntityManagerFactoryBean - Failed to initialize JPA EntityManagerFactory: [PersistenceUnit: default] Unable to build Hibernate SessionFactory; nested exception is org.hibernate.tool.schema.spi.SchemaManagementException: Schema-validation: wrong column type encountered in column [consumption] in table [meter_readings]; found [numeric (Types#NUMERIC)], but expecting [float(53) (Types#FLOAT)]
2026-06-05 11:20:02 [restartedMain] ERROR o.s.b.w.e.tomcat.TomcatStarter - Error starting Tomcat context. Exception: org.springframework.beans.factory.UnsatisfiedDependencyException. Message: Error creating bean with name 'jwtAuthenticationFilter' defined in file [C:\Users\ernes\Downloads\utility\utility\target\classes\com\exam\utility\security\JwtAuthenticationFilter.class]: Unsatisfied dependency expressed through constructor parameter 1: Error creating bean with name 'userDetailsServiceImpl' defined in file [C:\Users\ernes\Downloads\utility\utility\target\classes\com\exam\utility\service\impl\UserDetailsServiceImpl.class]: Unsatisfied dependency expressed through constructor parameter 0: Error creating bean with name 'userRepository' defined in com.exam.utility.repository.UserRepository defined in @EnableJpaRepositories declared on JpaRepositoriesRegistrar.EnableJpaRepositoriesConfiguration: Cannot resolve reference to bean 'jpaSharedEM_entityManagerFactory' while setting bean property 'entityManager'
2026-06-05 11:20:02 [restartedMain] INFO  o.a.catalina.core.StandardService - Stopping service [Tomcat]
2026-06-05 11:20:02 [restartedMain] WARN  o.a.c.loader.WebappClassLoaderBase - The web application [api#v1] appears to have started a thread named [UtilityBillingHikariPool housekeeper] but has failed to stop it. This is very likely to create a memory leak. Stack trace of thread:
 java.base/jdk.internal.misc.Unsafe.park(Native Method)
 java.base/java.util.concurrent.locks.LockSupport.parkNanos(LockSupport.java:269)
 java.base/java.util.concurrent.locks.AbstractQueuedSynchronizer$ConditionObject.awaitNanos(AbstractQueuedSynchronizer.java:1763)
 java.base/java.util.concurrent.ScheduledThreadPoolExecutor$DelayedWorkQueue.take(ScheduledThreadPoolExecutor.java:1182)
 java.base/java.util.concurrent.ScheduledThreadPoolExecutor$DelayedWorkQueue.take(ScheduledThreadPoolExecutor.java:899)
 java.base/java.util.concurrent.ThreadPoolExecutor.getTask(ThreadPoolExecutor.java:1070)
 java.base/java.util.concurrent.ThreadPoolExecutor.runWorker(ThreadPoolExecutor.java:1130)
 java.base/java.util.concurrent.ThreadPoolExecutor$Worker.run(ThreadPoolExecutor.java:642)
 java.base/java.lang.Thread.run(Thread.java:1575)
2026-06-05 11:20:02 [restartedMain] WARN  o.s.b.w.s.c.AnnotationConfigServletWebServerApplicationContext - Exception encountered during context initialization - cancelling refresh attempt: org.springframework.context.ApplicationContextException: Unable to start web server
2026-06-05 11:20:02 [restartedMain] INFO  com.zaxxer.hikari.HikariDataSource - UtilityBillingHikariPool - Shutdown initiated...
2026-06-05 11:20:02 [restartedMain] INFO  com.zaxxer.hikari.HikariDataSource - UtilityBillingHikariPool - Shutdown completed.
2026-06-05 11:20:02 [restartedMain] INFO  o.s.b.a.l.ConditionEvaluationReportLogger - 

Error starting ApplicationContext. To display the condition evaluation report re-run your application with 'debug' enabled.
2026-06-05 11:20:02 [restartedMain] ERROR o.s.boot.SpringApplication - Application run failed
org.springframework.context.ApplicationContextException: Unable to start web server
	at org.springframework.boot.web.servlet.context.ServletWebServerApplicationContext.onRefresh(ServletWebServerApplicationContext.java:165)
	at org.springframework.context.support.AbstractApplicationContext.refresh(AbstractApplicationContext.java:619)
	at org.springframework.boot.web.servlet.context.ServletWebServerApplicationContext.refresh(ServletWebServerApplicationContext.java:146)
	at org.springframework.boot.SpringApplication.refresh(SpringApplication.java:754)
	at org.springframework.boot.SpringApplication.refreshContext(SpringApplication.java:456)
	at org.springframework.boot.SpringApplication.run(SpringApplication.java:335)
	at org.springframework.boot.SpringApplication.run(SpringApplication.java:1363)
	at org.springframework.boot.SpringApplication.run(SpringApplication.java:1352)
	at com.exam.utility.UtilityApplication.main(UtilityApplication.java:17)
	at java.base/jdk.internal.reflect.DirectMethodHandleAccessor.invoke(DirectMethodHandleAccessor.java:103)
	at java.base/java.lang.reflect.Method.invoke(Method.java:580)
	at org.springframework.boot.devtools.restart.RestartLauncher.run(RestartLauncher.java:50)
Caused by: org.springframework.boot.web.server.WebServerException: Unable to start embedded Tomcat
	at org.springframework.boot.web.embedded.tomcat.TomcatWebServer.initialize(TomcatWebServer.java:147)
	at org.springframework.boot.web.embedded.tomcat.TomcatWebServer.<init>(TomcatWebServer.java:107)
	at org.springframework.boot.web.embedded.tomcat.TomcatServletWebServerFactory.getTomcatWebServer(TomcatServletWebServerFactory.java:516)
	at org.springframework.boot.web.embedded.tomcat.TomcatServletWebServerFactory.getWebServer(TomcatServletWebServerFactory.java:222)
	at org.springframework.boot.web.servlet.context.ServletWebServerApplicationContext.createWebServer(ServletWebServerApplicationContext.java:188)
	at org.springframework.boot.web.servlet.context.ServletWebServerApplicationContext.onRefresh(ServletWebServerApplicationContext.java:162)
	... 11 common frames omitted
Caused by: org.springframework.beans.factory.UnsatisfiedDependencyException: Error creating bean with name 'jwtAuthenticationFilter' defined in file [C:\Users\ernes\Downloads\utility\utility\target\classes\com\exam\utility\security\JwtAuthenticationFilter.class]: Unsatisfied dependency expressed through constructor parameter 1: Error creating bean with name 'userDetailsServiceImpl' defined in file [C:\Users\ernes\Downloads\utility\utility\target\classes\com\exam\utility\service\impl\UserDetailsServiceImpl.class]: Unsatisfied dependency expressed through constructor parameter 0: Error creating bean with name 'userRepository' defined in com.exam.utility.repository.UserRepository defined in @EnableJpaRepositories declared on JpaRepositoriesRegistrar.EnableJpaRepositoriesConfiguration: Cannot resolve reference to bean 'jpaSharedEM_entityManagerFactory' while setting bean property 'entityManager'
	at org.springframework.beans.factory.support.ConstructorResolver.createArgumentArray(ConstructorResolver.java:795)
	at org.springframework.beans.factory.support.ConstructorResolver.autowireConstructor(ConstructorResolver.java:237)
	at org.springframework.beans.factory.support.AbstractAutowireCapableBeanFactory.autowireConstructor(AbstractAutowireCapableBeanFactory.java:1375)
	at org.springframework.beans.factory.support.AbstractAutowireCapableBeanFactory.createBeanInstance(AbstractAutowireCapableBeanFactory.java:1212)
	at org.springframework.beans.factory.support.AbstractAutowireCapableBeanFactory.doCreateBean(AbstractAutowireCapableBeanFactory.java:562)
	at org.springframework.beans.factory.support.AbstractAutowireCapableBeanFactory.createBean(AbstractAutowireCapableBeanFactory.java:522)
	at org.springframework.beans.factory.support.AbstractBeanFactory.lambda$doGetBean$0(AbstractBeanFactory.java:337)
	at org.springframework.beans.factory.support.DefaultSingletonBeanRegistry.getSingleton(DefaultSingletonBeanRegistry.java:234)
	at org.springframework.beans.factory.support.AbstractBeanFactory.doGetBean(AbstractBeanFactory.java:335)
	at org.springframework.beans.factory.support.AbstractBeanFactory.getBean(AbstractBeanFactory.java:205)
	at org.springframework.boot.web.servlet.ServletContextInitializerBeans.getOrderedBeansOfType(ServletContextInitializerBeans.java:211)
	at org.springframework.boot.web.servlet.ServletContextInitializerBeans.addAsRegistrationBean(ServletContextInitializerBeans.java:174)
	at org.springframework.boot.web.servlet.ServletContextInitializerBeans.addAsRegistrationBean(ServletContextInitializerBeans.java:169)
	at org.springframework.boot.web.servlet.ServletContextInitializerBeans.addAdaptableBeans(ServletContextInitializerBeans.java:154)
	at org.springframework.boot.web.servlet.ServletContextInitializerBeans.<init>(ServletContextInitializerBeans.java:87)
	at org.springframework.boot.web.servlet.context.ServletWebServerApplicationContext.getServletContextInitializerBeans(ServletWebServerApplicationContext.java:266)
	at org.springframework.boot.web.servlet.context.ServletWebServerApplicationContext.selfInitialize(ServletWebServerApplicationContext.java:240)
	at org.springframework.boot.web.embedded.tomcat.TomcatStarter.onStartup(TomcatStarter.java:52)
	at org.apache.catalina.core.StandardContext.startInternal(StandardContext.java:4412)
	at org.apache.catalina.util.LifecycleBase.start(LifecycleBase.java:164)
	at org.apache.catalina.core.ContainerBase$StartChild.call(ContainerBase.java:1203)
	at org.apache.catalina.core.ContainerBase$StartChild.call(ContainerBase.java:1193)
	at java.base/java.util.concurrent.FutureTask.run(FutureTask.java:317)
	at org.apache.tomcat.util.threads.InlineExecutorService.execute(InlineExecutorService.java:75)
	at java.base/java.util.concurrent.AbstractExecutorService.submit(AbstractExecutorService.java:148)
	at org.apache.catalina.core.ContainerBase.startInternal(ContainerBase.java:749)
	at org.apache.catalina.core.StandardHost.startInternal(StandardHost.java:772)
	at org.apache.catalina.util.LifecycleBase.start(LifecycleBase.java:164)
	at org.apache.catalina.core.ContainerBase$StartChild.call(ContainerBase.java:1203)
	at org.apache.catalina.core.ContainerBase$StartChild.call(ContainerBase.java:1193)
	at java.base/java.util.concurrent.FutureTask.run(FutureTask.java:317)
	at org.apache.tomcat.util.threads.InlineExecutorService.execute(InlineExecutorService.java:75)
	at java.base/java.util.concurrent.AbstractExecutorService.submit(AbstractExecutorService.java:148)
	at org.apache.catalina.core.ContainerBase.startInternal(ContainerBase.java:749)
	at org.apache.catalina.core.StandardEngine.startInternal(StandardEngine.java:203)
	at org.apache.catalina.util.LifecycleBase.start(LifecycleBase.java:164)
	at org.apache.catalina.core.StandardService.startInternal(StandardService.java:415)
	at org.apache.catalina.util.LifecycleBase.start(LifecycleBase.java:164)
	at org.apache.catalina.core.StandardServer.startInternal(StandardServer.java:870)
	at org.apache.catalina.util.LifecycleBase.start(LifecycleBase.java:164)
	at org.apache.catalina.startup.Tomcat.start(Tomcat.java:437)
	at org.springframework.boot.web.embedded.tomcat.TomcatWebServer.initialize(TomcatWebServer.java:128)
	... 16 common frames omitted
Caused by: org.springframework.beans.factory.UnsatisfiedDependencyException: Error creating bean with name 'userDetailsServiceImpl' defined in file [C:\Users\ernes\Downloads\utility\utility\target\classes\com\exam\utility\service\impl\UserDetailsServiceImpl.class]: Unsatisfied dependency expressed through constructor parameter 0: Error creating bean with name 'userRepository' defined in com.exam.utility.repository.UserRepository defined in @EnableJpaRepositories declared on JpaRepositoriesRegistrar.EnableJpaRepositoriesConfiguration: Cannot resolve reference to bean 'jpaSharedEM_entityManagerFactory' while setting bean property 'entityManager'
	at org.springframework.beans.factory.support.ConstructorResolver.createArgumentArray(ConstructorResolver.java:795)
	at org.springframework.beans.factory.support.ConstructorResolver.autowireConstructor(ConstructorResolver.java:237)
	at org.springframework.beans.factory.support.AbstractAutowireCapableBeanFactory.autowireConstructor(AbstractAutowireCapableBeanFactory.java:1375)
	at org.springframework.beans.factory.support.AbstractAutowireCapableBeanFactory.createBeanInstance(AbstractAutowireCapableBeanFactory.java:1212)
	at org.springframework.beans.factory.support.AbstractAutowireCapableBeanFactory.doCreateBean(AbstractAutowireCapableBeanFactory.java:562)
	at org.springframework.beans.factory.support.AbstractAutowireCapableBeanFactory.createBean(AbstractAutowireCapableBeanFactory.java:522)
	at org.springframework.beans.factory.support.AbstractBeanFactory.lambda$doGetBean$0(AbstractBeanFactory.java:337)
	at org.springframework.beans.factory.support.DefaultSingletonBeanRegistry.getSingleton(DefaultSingletonBeanRegistry.java:234)
	at org.springframework.beans.factory.support.AbstractBeanFactory.doGetBean(AbstractBeanFactory.java:335)
	at org.springframework.beans.factory.support.AbstractBeanFactory.getBean(AbstractBeanFactory.java:200)
	at org.springframework.beans.factory.config.DependencyDescriptor.resolveCandidate(DependencyDescriptor.java:254)
	at org.springframework.beans.factory.support.DefaultListableBeanFactory.doResolveDependency(DefaultListableBeanFactory.java:1443)
	at org.springframework.beans.factory.support.DefaultListableBeanFactory.resolveDependency(DefaultListableBeanFactory.java:1353)
	at org.springframework.beans.factory.support.ConstructorResolver.resolveAutowiredArgument(ConstructorResolver.java:904)
	at org.springframework.beans.factory.support.ConstructorResolver.createArgumentArray(ConstructorResolver.java:782)
	... 57 common frames omitted
Caused by: org.springframework.beans.factory.BeanCreationException: Error creating bean with name 'userRepository' defined in com.exam.utility.repository.UserRepository defined in @EnableJpaRepositories declared on JpaRepositoriesRegistrar.EnableJpaRepositoriesConfiguration: Cannot resolve reference to bean 'jpaSharedEM_entityManagerFactory' while setting bean property 'entityManager'
	at org.springframework.beans.factory.support.BeanDefinitionValueResolver.resolveReference(BeanDefinitionValueResolver.java:377)
	at org.springframework.beans.factory.support.BeanDefinitionValueResolver.resolveValueIfNecessary(BeanDefinitionValueResolver.java:135)
	at org.springframework.beans.factory.support.AbstractAutowireCapableBeanFactory.applyPropertyValues(AbstractAutowireCapableBeanFactory.java:1705)
	at org.springframework.beans.factory.support.AbstractAutowireCapableBeanFactory.populateBean(AbstractAutowireCapableBeanFactory.java:1454)
	at org.springframework.beans.factory.support.AbstractAutowireCapableBeanFactory.doCreateBean(AbstractAutowireCapableBeanFactory.java:599)
	at org.springframework.beans.factory.support.AbstractAutowireCapableBeanFactory.createBean(AbstractAutowireCapableBeanFactory.java:522)
	at org.springframework.beans.factory.support.AbstractBeanFactory.lambda$doGetBean$0(AbstractBeanFactory.java:337)
	at org.springframework.beans.factory.support.DefaultSingletonBeanRegistry.getSingleton(DefaultSingletonBeanRegistry.java:234)
	at org.springframework.beans.factory.support.AbstractBeanFactory.doGetBean(AbstractBeanFactory.java:335)
	at org.springframework.beans.factory.support.AbstractBeanFactory.getBean(AbstractBeanFactory.java:200)
	at org.springframework.beans.factory.config.DependencyDescriptor.resolveCandidate(DependencyDescriptor.java:254)
	at org.springframework.beans.factory.support.DefaultListableBeanFactory.doResolveDependency(DefaultListableBeanFactory.java:1443)
	at org.springframework.beans.factory.support.DefaultListableBeanFactory.resolveDependency(DefaultListableBeanFactory.java:1353)
	at org.springframework.beans.factory.support.ConstructorResolver.resolveAutowiredArgument(ConstructorResolver.java:904)
	at org.springframework.beans.factory.support.ConstructorResolver.createArgumentArray(ConstructorResolver.java:782)
	... 71 common frames omitted
Caused by: org.springframework.beans.factory.BeanCreationException: Error creating bean with name 'jpaSharedEM_entityManagerFactory': Cannot resolve reference to bean 'entityManagerFactory' while setting constructor argument
	at org.springframework.beans.factory.support.BeanDefinitionValueResolver.resolveReference(BeanDefinitionValueResolver.java:377)
	at org.springframework.beans.factory.support.BeanDefinitionValueResolver.resolveValueIfNecessary(BeanDefinitionValueResolver.java:135)
	at org.springframework.beans.factory.support.ConstructorResolver.resolveConstructorArguments(ConstructorResolver.java:682)
	at org.springframework.beans.factory.support.ConstructorResolver.instantiateUsingFactoryMethod(ConstructorResolver.java:509)
	at org.springframework.beans.factory.support.AbstractAutowireCapableBeanFactory.instantiateUsingFactoryMethod(AbstractAutowireCapableBeanFactory.java:1355)
	at org.springframework.beans.factory.support.AbstractAutowireCapableBeanFactory.createBeanInstance(AbstractAutowireCapableBeanFactory.java:1185)
	at org.springframework.beans.factory.support.AbstractAutowireCapableBeanFactory.doCreateBean(AbstractAutowireCapableBeanFactory.java:562)
	at org.springframework.beans.factory.support.AbstractAutowireCapableBeanFactory.createBean(AbstractAutowireCapableBeanFactory.java:522)
	at org.springframework.beans.factory.support.AbstractBeanFactory.lambda$doGetBean$0(AbstractBeanFactory.java:337)
	at org.springframework.beans.factory.support.DefaultSingletonBeanRegistry.getSingleton(DefaultSingletonBeanRegistry.java:234)
	at org.springframework.beans.factory.support.AbstractBeanFactory.doGetBean(AbstractBeanFactory.java:335)
	at org.springframework.beans.factory.support.AbstractBeanFactory.getBean(AbstractBeanFactory.java:200)
	at org.springframework.beans.factory.support.BeanDefinitionValueResolver.resolveReference(BeanDefinitionValueResolver.java:365)
	... 85 common frames omitted
Caused by: org.springframework.beans.factory.BeanCreationException: Error creating bean with name 'entityManagerFactory' defined in class path resource [org/springframework/boot/autoconfigure/orm/jpa/HibernateJpaConfiguration.class]: [PersistenceUnit: default] Unable to build Hibernate SessionFactory; nested exception is org.hibernate.tool.schema.spi.SchemaManagementException: Schema-validation: wrong column type encountered in column [consumption] in table [meter_readings]; found [numeric (Types#NUMERIC)], but expecting [float(53) (Types#FLOAT)]
	at org.springframework.beans.factory.support.AbstractAutowireCapableBeanFactory.initializeBean(AbstractAutowireCapableBeanFactory.java:1806)
	at org.springframework.beans.factory.support.AbstractAutowireCapableBeanFactory.doCreateBean(AbstractAutowireCapableBeanFactory.java:600)
	at org.springframework.beans.factory.support.AbstractAutowireCapableBeanFactory.createBean(AbstractAutowireCapableBeanFactory.java:522)
	at org.springframework.beans.factory.support.AbstractBeanFactory.lambda$doGetBean$0(AbstractBeanFactory.java:337)
	at org.springframework.beans.factory.support.DefaultSingletonBeanRegistry.getSingleton(DefaultSingletonBeanRegistry.java:234)
	at org.springframework.beans.factory.support.AbstractBeanFactory.doGetBean(AbstractBeanFactory.java:335)
	at org.springframework.beans.factory.support.AbstractBeanFactory.getBean(AbstractBeanFactory.java:200)
	at org.springframework.beans.factory.support.BeanDefinitionValueResolver.resolveReference(BeanDefinitionValueResolver.java:365)
	... 97 common frames omitted
Caused by: jakarta.persistence.PersistenceException: [PersistenceUnit: default] Unable to build Hibernate SessionFactory; nested exception is org.hibernate.tool.schema.spi.SchemaManagementException: Schema-validation: wrong column type encountered in column [consumption] in table [meter_readings]; found [numeric (Types#NUMERIC)], but expecting [float(53) (Types#FLOAT)]
	at org.springframework.orm.jpa.AbstractEntityManagerFactoryBean.buildNativeEntityManagerFactory(AbstractEntityManagerFactoryBean.java:421)
	at org.springframework.orm.jpa.AbstractEntityManagerFactoryBean.afterPropertiesSet(AbstractEntityManagerFactoryBean.java:396)
	at org.springframework.orm.jpa.LocalContainerEntityManagerFactoryBean.afterPropertiesSet(LocalContainerEntityManagerFactoryBean.java:366)
	at org.springframework.beans.factory.support.AbstractAutowireCapableBeanFactory.invokeInitMethods(AbstractAutowireCapableBeanFactory.java:1853)
	at org.springframework.beans.factory.support.AbstractAutowireCapableBeanFactory.initializeBean(AbstractAutowireCapableBeanFactory.java:1802)
	... 104 common frames omitted
Caused by: org.hibernate.tool.schema.spi.SchemaManagementException: Schema-validation: wrong column type encountered in column [consumption] in table [meter_readings]; found [numeric (Types#NUMERIC)], but expecting [float(53) (Types#FLOAT)]
	at org.hibernate.tool.schema.internal.AbstractSchemaValidator.validateColumnType(AbstractSchemaValidator.java:168)
	at org.hibernate.tool.schema.internal.AbstractSchemaValidator.validateTable(AbstractSchemaValidator.java:155)
	at org.hibernate.tool.schema.internal.GroupedSchemaValidatorImpl.validateTables(GroupedSchemaValidatorImpl.java:46)
	at org.hibernate.tool.schema.internal.AbstractSchemaValidator.performValidation(AbstractSchemaValidator.java:98)
	at org.hibernate.tool.schema.internal.AbstractSchemaValidator.doValidation(AbstractSchemaValidator.java:76)
	at org.hibernate.tool.schema.spi.SchemaManagementToolCoordinator.performDatabaseAction(SchemaManagementToolCoordinator.java:289)
	at org.hibernate.tool.schema.spi.SchemaManagementToolCoordinator.lambda$process$5(SchemaManagementToolCoordinator.java:144)
	at java.base/java.util.HashMap.forEach(HashMap.java:1430)
	at org.hibernate.tool.schema.spi.SchemaManagementToolCoordinator.process(SchemaManagementToolCoordinator.java:141)
	at org.hibernate.boot.internal.SessionFactoryObserverForSchemaExport.sessionFactoryCreated(SessionFactoryObserverForSchemaExport.java:37)
	at org.hibernate.internal.SessionFactoryObserverChain.sessionFactoryCreated(SessionFactoryObserverChain.java:35)
	at org.hibernate.internal.SessionFactoryImpl.<init>(SessionFactoryImpl.java:322)
	at org.hibernate.boot.internal.SessionFactoryBuilderImpl.build(SessionFactoryBuilderImpl.java:457)
	at org.hibernate.jpa.boot.internal.EntityManagerFactoryBuilderImpl.build(EntityManagerFactoryBuilderImpl.java:1506)
	at org.springframework.orm.jpa.vendor.SpringHibernateJpaPersistenceProvider.createContainerEntityManagerFactory(SpringHibernateJpaPersistenceProvider.java:75)
	at org.springframework.orm.jpa.LocalContainerEntityManagerFactoryBean.createNativeEntityManagerFactory(LocalContainerEntityManagerFactoryBean.java:390)
	at org.springframework.orm.jpa.AbstractEntityManagerFactoryBean.buildNativeEntityManagerFactory(AbstractEntityManagerFactoryBean.java:409)
	... 108 common frames omitted
2026-06-05 11:25:22 [restartedMain] INFO  com.exam.utility.UtilityApplication - Starting UtilityApplication using Java 23.0.2 with PID 21556 (C:\Users\ernes\Downloads\utility\utility\target\classes started by ernes in C:\Users\ernes\Downloads\utility\utility)
2026-06-05 11:25:22 [restartedMain] DEBUG com.exam.utility.UtilityApplication - Running with Spring Boot v3.3.5, Spring v6.1.14
2026-06-05 11:25:22 [restartedMain] INFO  com.exam.utility.UtilityApplication - The following 1 profile is active: "dev"
2026-06-05 11:25:22 [restartedMain] INFO  o.s.b.d.e.DevToolsPropertyDefaultsPostProcessor - Devtools property defaults active! Set 'spring.devtools.add-properties' to 'false' to disable
2026-06-05 11:25:22 [restartedMain] INFO  o.s.b.d.e.DevToolsPropertyDefaultsPostProcessor - For additional web related logging consider setting the 'logging.level.web' property to 'DEBUG'
2026-06-05 11:25:29 [restartedMain] INFO  o.s.d.r.c.RepositoryConfigurationDelegate - Bootstrapping Spring Data JPA repositories in DEFAULT mode.
2026-06-05 11:25:29 [restartedMain] INFO  o.s.d.r.c.RepositoryConfigurationDelegate - Finished Spring Data repository scanning in 509 ms. Found 24 JPA repository interfaces.
2026-06-05 11:25:33 [restartedMain] INFO  o.s.b.w.e.tomcat.TomcatWebServer - Tomcat initialized with port 8080 (http)
2026-06-05 11:25:33 [restartedMain] INFO  o.a.catalina.core.StandardService - Starting service [Tomcat]
2026-06-05 11:25:33 [restartedMain] INFO  o.a.catalina.core.StandardEngine - Starting Servlet engine: [Apache Tomcat/10.1.31]
2026-06-05 11:25:33 [restartedMain] INFO  o.a.c.c.C.[.[localhost].[/api/v1] - Initializing Spring embedded WebApplicationContext
2026-06-05 11:25:33 [restartedMain] INFO  o.s.b.w.s.c.ServletWebServerApplicationContext - Root WebApplicationContext: initialization completed in 11067 ms
2026-06-05 11:25:35 [restartedMain] INFO  com.zaxxer.hikari.HikariDataSource - UtilityBillingHikariPool - Starting...
2026-06-05 11:25:36 [restartedMain] INFO  com.zaxxer.hikari.pool.HikariPool - UtilityBillingHikariPool - Added connection org.postgresql.jdbc.PgConnection@4e98fbdf
2026-06-05 11:25:36 [restartedMain] INFO  com.zaxxer.hikari.HikariDataSource - UtilityBillingHikariPool - Start completed.
2026-06-05 11:25:36 [restartedMain] INFO  org.flywaydb.core.FlywayExecutor - Database: jdbc:postgresql://localhost:5432/utility_billing (PostgreSQL 10.23)
2026-06-05 11:25:36 [restartedMain] INFO  o.f.core.internal.command.DbValidate - Successfully validated 8 migrations (execution time 00:00.163s)
2026-06-05 11:25:36 [restartedMain] INFO  o.f.core.internal.command.DbMigrate - Current version of schema "public": 8
2026-06-05 11:25:36 [restartedMain] INFO  o.f.core.internal.command.DbMigrate - Schema "public" is up to date. No migration necessary.
2026-06-05 11:25:37 [restartedMain] INFO  o.h.jpa.internal.util.LogHelper - HHH000204: Processing PersistenceUnitInfo [name: default]
2026-06-05 11:25:37 [restartedMain] INFO  org.hibernate.Version - HHH000412: Hibernate ORM core version 6.5.3.Final
2026-06-05 11:25:37 [restartedMain] INFO  o.h.c.i.RegionFactoryInitiator - HHH000026: Second-level cache disabled
2026-06-05 11:25:39 [restartedMain] INFO  o.s.o.j.p.SpringPersistenceUnitInfo - No LoadTimeWeaver setup: ignoring JPA class transformer
2026-06-05 11:25:39 [restartedMain] WARN  org.hibernate.dialect.Dialect - HHH000511: The 10.23.0 version for [org.hibernate.dialect.PostgreSQLDialect] is no longer supported, hence certain features may not work properly. The minimum supported version is 12.0.0. Check the community dialects project for available legacy versions.
2026-06-05 11:25:39 [restartedMain] WARN  org.hibernate.orm.deprecation - HHH90000025: PostgreSQLDialect does not need to be specified explicitly using 'hibernate.dialect' (remove the property setting and it will be selected by default)
2026-06-05 11:25:45 [restartedMain] INFO  o.h.e.t.j.p.i.JtaPlatformInitiator - HHH000489: No JTA platform available (set 'hibernate.transaction.jta.platform' to enable JTA platform integration)
2026-06-05 11:25:46 [restartedMain] ERROR o.s.o.j.LocalContainerEntityManagerFactoryBean - Failed to initialize JPA EntityManagerFactory: [PersistenceUnit: default] Unable to build Hibernate SessionFactory; nested exception is org.hibernate.tool.schema.spi.SchemaManagementException: Schema-validation: wrong column type encountered in column [consumption] in table [meter_readings]; found [numeric (Types#NUMERIC)], but expecting [float(53) (Types#FLOAT)]
2026-06-05 11:25:46 [restartedMain] ERROR o.s.b.w.e.tomcat.TomcatStarter - Error starting Tomcat context. Exception: org.springframework.beans.factory.UnsatisfiedDependencyException. Message: Error creating bean with name 'jwtAuthenticationFilter' defined in file [C:\Users\ernes\Downloads\utility\utility\target\classes\com\exam\utility\security\JwtAuthenticationFilter.class]: Unsatisfied dependency expressed through constructor parameter 1: Error creating bean with name 'userDetailsServiceImpl' defined in file [C:\Users\ernes\Downloads\utility\utility\target\classes\com\exam\utility\service\impl\UserDetailsServiceImpl.class]: Unsatisfied dependency expressed through constructor parameter 0: Error creating bean with name 'userRepository' defined in com.exam.utility.repository.UserRepository defined in @EnableJpaRepositories declared on JpaRepositoriesRegistrar.EnableJpaRepositoriesConfiguration: Cannot resolve reference to bean 'jpaSharedEM_entityManagerFactory' while setting bean property 'entityManager'
2026-06-05 11:25:46 [restartedMain] INFO  o.a.catalina.core.StandardService - Stopping service [Tomcat]
2026-06-05 11:25:46 [restartedMain] WARN  o.a.c.loader.WebappClassLoaderBase - The web application [api#v1] appears to have started a thread named [UtilityBillingHikariPool housekeeper] but has failed to stop it. This is very likely to create a memory leak. Stack trace of thread:
 java.base/jdk.internal.misc.Unsafe.park(Native Method)
 java.base/java.util.concurrent.locks.LockSupport.parkNanos(LockSupport.java:269)
 java.base/java.util.concurrent.locks.AbstractQueuedSynchronizer$ConditionObject.awaitNanos(AbstractQueuedSynchronizer.java:1763)
 java.base/java.util.concurrent.ScheduledThreadPoolExecutor$DelayedWorkQueue.take(ScheduledThreadPoolExecutor.java:1182)
 java.base/java.util.concurrent.ScheduledThreadPoolExecutor$DelayedWorkQueue.take(ScheduledThreadPoolExecutor.java:899)
 java.base/java.util.concurrent.ThreadPoolExecutor.getTask(ThreadPoolExecutor.java:1070)
 java.base/java.util.concurrent.ThreadPoolExecutor.runWorker(ThreadPoolExecutor.java:1130)
 java.base/java.util.concurrent.ThreadPoolExecutor$Worker.run(ThreadPoolExecutor.java:642)
 java.base/java.lang.Thread.run(Thread.java:1575)
2026-06-05 11:25:46 [restartedMain] WARN  o.s.b.w.s.c.AnnotationConfigServletWebServerApplicationContext - Exception encountered during context initialization - cancelling refresh attempt: org.springframework.context.ApplicationContextException: Unable to start web server
2026-06-05 11:25:46 [restartedMain] INFO  com.zaxxer.hikari.HikariDataSource - UtilityBillingHikariPool - Shutdown initiated...
2026-06-05 11:25:46 [restartedMain] INFO  com.zaxxer.hikari.HikariDataSource - UtilityBillingHikariPool - Shutdown completed.
2026-06-05 11:25:46 [restartedMain] INFO  o.s.b.a.l.ConditionEvaluationReportLogger - 

Error starting ApplicationContext. To display the condition evaluation report re-run your application with 'debug' enabled.
2026-06-05 11:25:46 [restartedMain] ERROR o.s.boot.SpringApplication - Application run failed
org.springframework.context.ApplicationContextException: Unable to start web server
	at org.springframework.boot.web.servlet.context.ServletWebServerApplicationContext.onRefresh(ServletWebServerApplicationContext.java:165)
	at org.springframework.context.support.AbstractApplicationContext.refresh(AbstractApplicationContext.java:619)
	at org.springframework.boot.web.servlet.context.ServletWebServerApplicationContext.refresh(ServletWebServerApplicationContext.java:146)
	at org.springframework.boot.SpringApplication.refresh(SpringApplication.java:754)
	at org.springframework.boot.SpringApplication.refreshContext(SpringApplication.java:456)
	at org.springframework.boot.SpringApplication.run(SpringApplication.java:335)
	at org.springframework.boot.SpringApplication.run(SpringApplication.java:1363)
	at org.springframework.boot.SpringApplication.run(SpringApplication.java:1352)
	at com.exam.utility.UtilityApplication.main(UtilityApplication.java:17)
	at java.base/jdk.internal.reflect.DirectMethodHandleAccessor.invoke(DirectMethodHandleAccessor.java:103)
	at java.base/java.lang.reflect.Method.invoke(Method.java:580)
	at org.springframework.boot.devtools.restart.RestartLauncher.run(RestartLauncher.java:50)
Caused by: org.springframework.boot.web.server.WebServerException: Unable to start embedded Tomcat
	at org.springframework.boot.web.embedded.tomcat.TomcatWebServer.initialize(TomcatWebServer.java:147)
	at org.springframework.boot.web.embedded.tomcat.TomcatWebServer.<init>(TomcatWebServer.java:107)
	at org.springframework.boot.web.embedded.tomcat.TomcatServletWebServerFactory.getTomcatWebServer(TomcatServletWebServerFactory.java:516)
	at org.springframework.boot.web.embedded.tomcat.TomcatServletWebServerFactory.getWebServer(TomcatServletWebServerFactory.java:222)
	at org.springframework.boot.web.servlet.context.ServletWebServerApplicationContext.createWebServer(ServletWebServerApplicationContext.java:188)
	at org.springframework.boot.web.servlet.context.ServletWebServerApplicationContext.onRefresh(ServletWebServerApplicationContext.java:162)
	... 11 common frames omitted
Caused by: org.springframework.beans.factory.UnsatisfiedDependencyException: Error creating bean with name 'jwtAuthenticationFilter' defined in file [C:\Users\ernes\Downloads\utility\utility\target\classes\com\exam\utility\security\JwtAuthenticationFilter.class]: Unsatisfied dependency expressed through constructor parameter 1: Error creating bean with name 'userDetailsServiceImpl' defined in file [C:\Users\ernes\Downloads\utility\utility\target\classes\com\exam\utility\service\impl\UserDetailsServiceImpl.class]: Unsatisfied dependency expressed through constructor parameter 0: Error creating bean with name 'userRepository' defined in com.exam.utility.repository.UserRepository defined in @EnableJpaRepositories declared on JpaRepositoriesRegistrar.EnableJpaRepositoriesConfiguration: Cannot resolve reference to bean 'jpaSharedEM_entityManagerFactory' while setting bean property 'entityManager'
	at org.springframework.beans.factory.support.ConstructorResolver.createArgumentArray(ConstructorResolver.java:795)
	at org.springframework.beans.factory.support.ConstructorResolver.autowireConstructor(ConstructorResolver.java:237)
	at org.springframework.beans.factory.support.AbstractAutowireCapableBeanFactory.autowireConstructor(AbstractAutowireCapableBeanFactory.java:1375)
	at org.springframework.beans.factory.support.AbstractAutowireCapableBeanFactory.createBeanInstance(AbstractAutowireCapableBeanFactory.java:1212)
	at org.springframework.beans.factory.support.AbstractAutowireCapableBeanFactory.doCreateBean(AbstractAutowireCapableBeanFactory.java:562)
	at org.springframework.beans.factory.support.AbstractAutowireCapableBeanFactory.createBean(AbstractAutowireCapableBeanFactory.java:522)
	at org.springframework.beans.factory.support.AbstractBeanFactory.lambda$doGetBean$0(AbstractBeanFactory.java:337)
	at org.springframework.beans.factory.support.DefaultSingletonBeanRegistry.getSingleton(DefaultSingletonBeanRegistry.java:234)
	at org.springframework.beans.factory.support.AbstractBeanFactory.doGetBean(AbstractBeanFactory.java:335)
	at org.springframework.beans.factory.support.AbstractBeanFactory.getBean(AbstractBeanFactory.java:205)
	at org.springframework.boot.web.servlet.ServletContextInitializerBeans.getOrderedBeansOfType(ServletContextInitializerBeans.java:211)
	at org.springframework.boot.web.servlet.ServletContextInitializerBeans.addAsRegistrationBean(ServletContextInitializerBeans.java:174)
	at org.springframework.boot.web.servlet.ServletContextInitializerBeans.addAsRegistrationBean(ServletContextInitializerBeans.java:169)
	at org.springframework.boot.web.servlet.ServletContextInitializerBeans.addAdaptableBeans(ServletContextInitializerBeans.java:154)
	at org.springframework.boot.web.servlet.ServletContextInitializerBeans.<init>(ServletContextInitializerBeans.java:87)
	at org.springframework.boot.web.servlet.context.ServletWebServerApplicationContext.getServletContextInitializerBeans(ServletWebServerApplicationContext.java:266)
	at org.springframework.boot.web.servlet.context.ServletWebServerApplicationContext.selfInitialize(ServletWebServerApplicationContext.java:240)
	at org.springframework.boot.web.embedded.tomcat.TomcatStarter.onStartup(TomcatStarter.java:52)
	at org.apache.catalina.core.StandardContext.startInternal(StandardContext.java:4412)
	at org.apache.catalina.util.LifecycleBase.start(LifecycleBase.java:164)
	at org.apache.catalina.core.ContainerBase$StartChild.call(ContainerBase.java:1203)
	at org.apache.catalina.core.ContainerBase$StartChild.call(ContainerBase.java:1193)
	at java.base/java.util.concurrent.FutureTask.run(FutureTask.java:317)
	at org.apache.tomcat.util.threads.InlineExecutorService.execute(InlineExecutorService.java:75)
	at java.base/java.util.concurrent.AbstractExecutorService.submit(AbstractExecutorService.java:148)
	at org.apache.catalina.core.ContainerBase.startInternal(ContainerBase.java:749)
	at org.apache.catalina.core.StandardHost.startInternal(StandardHost.java:772)
	at org.apache.catalina.util.LifecycleBase.start(LifecycleBase.java:164)
	at org.apache.catalina.core.ContainerBase$StartChild.call(ContainerBase.java:1203)
	at org.apache.catalina.core.ContainerBase$StartChild.call(ContainerBase.java:1193)
	at java.base/java.util.concurrent.FutureTask.run(FutureTask.java:317)
	at org.apache.tomcat.util.threads.InlineExecutorService.execute(InlineExecutorService.java:75)
	at java.base/java.util.concurrent.AbstractExecutorService.submit(AbstractExecutorService.java:148)
	at org.apache.catalina.core.ContainerBase.startInternal(ContainerBase.java:749)
	at org.apache.catalina.core.StandardEngine.startInternal(StandardEngine.java:203)
	at org.apache.catalina.util.LifecycleBase.start(LifecycleBase.java:164)
	at org.apache.catalina.core.StandardService.startInternal(StandardService.java:415)
	at org.apache.catalina.util.LifecycleBase.start(LifecycleBase.java:164)
	at org.apache.catalina.core.StandardServer.startInternal(StandardServer.java:870)
	at org.apache.catalina.util.LifecycleBase.start(LifecycleBase.java:164)
	at org.apache.catalina.startup.Tomcat.start(Tomcat.java:437)
	at org.springframework.boot.web.embedded.tomcat.TomcatWebServer.initialize(TomcatWebServer.java:128)
	... 16 common frames omitted
Caused by: org.springframework.beans.factory.UnsatisfiedDependencyException: Error creating bean with name 'userDetailsServiceImpl' defined in file [C:\Users\ernes\Downloads\utility\utility\target\classes\com\exam\utility\service\impl\UserDetailsServiceImpl.class]: Unsatisfied dependency expressed through constructor parameter 0: Error creating bean with name 'userRepository' defined in com.exam.utility.repository.UserRepository defined in @EnableJpaRepositories declared on JpaRepositoriesRegistrar.EnableJpaRepositoriesConfiguration: Cannot resolve reference to bean 'jpaSharedEM_entityManagerFactory' while setting bean property 'entityManager'
	at org.springframework.beans.factory.support.ConstructorResolver.createArgumentArray(ConstructorResolver.java:795)
	at org.springframework.beans.factory.support.ConstructorResolver.autowireConstructor(ConstructorResolver.java:237)
	at org.springframework.beans.factory.support.AbstractAutowireCapableBeanFactory.autowireConstructor(AbstractAutowireCapableBeanFactory.java:1375)
	at org.springframework.beans.factory.support.AbstractAutowireCapableBeanFactory.createBeanInstance(AbstractAutowireCapableBeanFactory.java:1212)
	at org.springframework.beans.factory.support.AbstractAutowireCapableBeanFactory.doCreateBean(AbstractAutowireCapableBeanFactory.java:562)
	at org.springframework.beans.factory.support.AbstractAutowireCapableBeanFactory.createBean(AbstractAutowireCapableBeanFactory.java:522)
	at org.springframework.beans.factory.support.AbstractBeanFactory.lambda$doGetBean$0(AbstractBeanFactory.java:337)
	at org.springframework.beans.factory.support.DefaultSingletonBeanRegistry.getSingleton(DefaultSingletonBeanRegistry.java:234)
	at org.springframework.beans.factory.support.AbstractBeanFactory.doGetBean(AbstractBeanFactory.java:335)
	at org.springframework.beans.factory.support.AbstractBeanFactory.getBean(AbstractBeanFactory.java:200)
	at org.springframework.beans.factory.config.DependencyDescriptor.resolveCandidate(DependencyDescriptor.java:254)
	at org.springframework.beans.factory.support.DefaultListableBeanFactory.doResolveDependency(DefaultListableBeanFactory.java:1443)
	at org.springframework.beans.factory.support.DefaultListableBeanFactory.resolveDependency(DefaultListableBeanFactory.java:1353)
	at org.springframework.beans.factory.support.ConstructorResolver.resolveAutowiredArgument(ConstructorResolver.java:904)
	at org.springframework.beans.factory.support.ConstructorResolver.createArgumentArray(ConstructorResolver.java:782)
	... 57 common frames omitted
Caused by: org.springframework.beans.factory.BeanCreationException: Error creating bean with name 'userRepository' defined in com.exam.utility.repository.UserRepository defined in @EnableJpaRepositories declared on JpaRepositoriesRegistrar.EnableJpaRepositoriesConfiguration: Cannot resolve reference to bean 'jpaSharedEM_entityManagerFactory' while setting bean property 'entityManager'
	at org.springframework.beans.factory.support.BeanDefinitionValueResolver.resolveReference(BeanDefinitionValueResolver.java:377)
	at org.springframework.beans.factory.support.BeanDefinitionValueResolver.resolveValueIfNecessary(BeanDefinitionValueResolver.java:135)
	at org.springframework.beans.factory.support.AbstractAutowireCapableBeanFactory.applyPropertyValues(AbstractAutowireCapableBeanFactory.java:1705)
	at org.springframework.beans.factory.support.AbstractAutowireCapableBeanFactory.populateBean(AbstractAutowireCapableBeanFactory.java:1454)
	at org.springframework.beans.factory.support.AbstractAutowireCapableBeanFactory.doCreateBean(AbstractAutowireCapableBeanFactory.java:599)
	at org.springframework.beans.factory.support.AbstractAutowireCapableBeanFactory.createBean(AbstractAutowireCapableBeanFactory.java:522)
	at org.springframework.beans.factory.support.AbstractBeanFactory.lambda$doGetBean$0(AbstractBeanFactory.java:337)
	at org.springframework.beans.factory.support.DefaultSingletonBeanRegistry.getSingleton(DefaultSingletonBeanRegistry.java:234)
	at org.springframework.beans.factory.support.AbstractBeanFactory.doGetBean(AbstractBeanFactory.java:335)
	at org.springframework.beans.factory.support.AbstractBeanFactory.getBean(AbstractBeanFactory.java:200)
	at org.springframework.beans.factory.config.DependencyDescriptor.resolveCandidate(DependencyDescriptor.java:254)
	at org.springframework.beans.factory.support.DefaultListableBeanFactory.doResolveDependency(DefaultListableBeanFactory.java:1443)
	at org.springframework.beans.factory.support.DefaultListableBeanFactory.resolveDependency(DefaultListableBeanFactory.java:1353)
	at org.springframework.beans.factory.support.ConstructorResolver.resolveAutowiredArgument(ConstructorResolver.java:904)
	at org.springframework.beans.factory.support.ConstructorResolver.createArgumentArray(ConstructorResolver.java:782)
	... 71 common frames omitted
Caused by: org.springframework.beans.factory.BeanCreationException: Error creating bean with name 'jpaSharedEM_entityManagerFactory': Cannot resolve reference to bean 'entityManagerFactory' while setting constructor argument
	at org.springframework.beans.factory.support.BeanDefinitionValueResolver.resolveReference(BeanDefinitionValueResolver.java:377)
	at org.springframework.beans.factory.support.BeanDefinitionValueResolver.resolveValueIfNecessary(BeanDefinitionValueResolver.java:135)
	at org.springframework.beans.factory.support.ConstructorResolver.resolveConstructorArguments(ConstructorResolver.java:682)
	at org.springframework.beans.factory.support.ConstructorResolver.instantiateUsingFactoryMethod(ConstructorResolver.java:509)
	at org.springframework.beans.factory.support.AbstractAutowireCapableBeanFactory.instantiateUsingFactoryMethod(AbstractAutowireCapableBeanFactory.java:1355)
	at org.springframework.beans.factory.support.AbstractAutowireCapableBeanFactory.createBeanInstance(AbstractAutowireCapableBeanFactory.java:1185)
	at org.springframework.beans.factory.support.AbstractAutowireCapableBeanFactory.doCreateBean(AbstractAutowireCapableBeanFactory.java:562)
	at org.springframework.beans.factory.support.AbstractAutowireCapableBeanFactory.createBean(AbstractAutowireCapableBeanFactory.java:522)
	at org.springframework.beans.factory.support.AbstractBeanFactory.lambda$doGetBean$0(AbstractBeanFactory.java:337)
	at org.springframework.beans.factory.support.DefaultSingletonBeanRegistry.getSingleton(DefaultSingletonBeanRegistry.java:234)
	at org.springframework.beans.factory.support.AbstractBeanFactory.doGetBean(AbstractBeanFactory.java:335)
	at org.springframework.beans.factory.support.AbstractBeanFactory.getBean(AbstractBeanFactory.java:200)
	at org.springframework.beans.factory.support.BeanDefinitionValueResolver.resolveReference(BeanDefinitionValueResolver.java:365)
	... 85 common frames omitted
Caused by: org.springframework.beans.factory.BeanCreationException: Error creating bean with name 'entityManagerFactory' defined in class path resource [org/springframework/boot/autoconfigure/orm/jpa/HibernateJpaConfiguration.class]: [PersistenceUnit: default] Unable to build Hibernate SessionFactory; nested exception is org.hibernate.tool.schema.spi.SchemaManagementException: Schema-validation: wrong column type encountered in column [consumption] in table [meter_readings]; found [numeric (Types#NUMERIC)], but expecting [float(53) (Types#FLOAT)]
	at org.springframework.beans.factory.support.AbstractAutowireCapableBeanFactory.initializeBean(AbstractAutowireCapableBeanFactory.java:1806)
	at org.springframework.beans.factory.support.AbstractAutowireCapableBeanFactory.doCreateBean(AbstractAutowireCapableBeanFactory.java:600)
	at org.springframework.beans.factory.support.AbstractAutowireCapableBeanFactory.createBean(AbstractAutowireCapableBeanFactory.java:522)
	at org.springframework.beans.factory.support.AbstractBeanFactory.lambda$doGetBean$0(AbstractBeanFactory.java:337)
	at org.springframework.beans.factory.support.DefaultSingletonBeanRegistry.getSingleton(DefaultSingletonBeanRegistry.java:234)
	at org.springframework.beans.factory.support.AbstractBeanFactory.doGetBean(AbstractBeanFactory.java:335)
	at org.springframework.beans.factory.support.AbstractBeanFactory.getBean(AbstractBeanFactory.java:200)
	at org.springframework.beans.factory.support.BeanDefinitionValueResolver.resolveReference(BeanDefinitionValueResolver.java:365)
	... 97 common frames omitted
Caused by: jakarta.persistence.PersistenceException: [PersistenceUnit: default] Unable to build Hibernate SessionFactory; nested exception is org.hibernate.tool.schema.spi.SchemaManagementException: Schema-validation: wrong column type encountered in column [consumption] in table [meter_readings]; found [numeric (Types#NUMERIC)], but expecting [float(53) (Types#FLOAT)]
	at org.springframework.orm.jpa.AbstractEntityManagerFactoryBean.buildNativeEntityManagerFactory(AbstractEntityManagerFactoryBean.java:421)
	at org.springframework.orm.jpa.AbstractEntityManagerFactoryBean.afterPropertiesSet(AbstractEntityManagerFactoryBean.java:396)
	at org.springframework.orm.jpa.LocalContainerEntityManagerFactoryBean.afterPropertiesSet(LocalContainerEntityManagerFactoryBean.java:366)
	at org.springframework.beans.factory.support.AbstractAutowireCapableBeanFactory.invokeInitMethods(AbstractAutowireCapableBeanFactory.java:1853)
	at org.springframework.beans.factory.support.AbstractAutowireCapableBeanFactory.initializeBean(AbstractAutowireCapableBeanFactory.java:1802)
	... 104 common frames omitted
Caused by: org.hibernate.tool.schema.spi.SchemaManagementException: Schema-validation: wrong column type encountered in column [consumption] in table [meter_readings]; found [numeric (Types#NUMERIC)], but expecting [float(53) (Types#FLOAT)]
	at org.hibernate.tool.schema.internal.AbstractSchemaValidator.validateColumnType(AbstractSchemaValidator.java:168)
	at org.hibernate.tool.schema.internal.AbstractSchemaValidator.validateTable(AbstractSchemaValidator.java:155)
	at org.hibernate.tool.schema.internal.GroupedSchemaValidatorImpl.validateTables(GroupedSchemaValidatorImpl.java:46)
	at org.hibernate.tool.schema.internal.AbstractSchemaValidator.performValidation(AbstractSchemaValidator.java:98)
	at org.hibernate.tool.schema.internal.AbstractSchemaValidator.doValidation(AbstractSchemaValidator.java:76)
	at org.hibernate.tool.schema.spi.SchemaManagementToolCoordinator.performDatabaseAction(SchemaManagementToolCoordinator.java:289)
	at org.hibernate.tool.schema.spi.SchemaManagementToolCoordinator.lambda$process$5(SchemaManagementToolCoordinator.java:144)
	at java.base/java.util.HashMap.forEach(HashMap.java:1430)
	at org.hibernate.tool.schema.spi.SchemaManagementToolCoordinator.process(SchemaManagementToolCoordinator.java:141)
	at org.hibernate.boot.internal.SessionFactoryObserverForSchemaExport.sessionFactoryCreated(SessionFactoryObserverForSchemaExport.java:37)
	at org.hibernate.internal.SessionFactoryObserverChain.sessionFactoryCreated(SessionFactoryObserverChain.java:35)
	at org.hibernate.internal.SessionFactoryImpl.<init>(SessionFactoryImpl.java:322)
	at org.hibernate.boot.internal.SessionFactoryBuilderImpl.build(SessionFactoryBuilderImpl.java:457)
	at org.hibernate.jpa.boot.internal.EntityManagerFactoryBuilderImpl.build(EntityManagerFactoryBuilderImpl.java:1506)
	at org.springframework.orm.jpa.vendor.SpringHibernateJpaPersistenceProvider.createContainerEntityManagerFactory(SpringHibernateJpaPersistenceProvider.java:75)
	at org.springframework.orm.jpa.LocalContainerEntityManagerFactoryBean.createNativeEntityManagerFactory(LocalContainerEntityManagerFactoryBean.java:390)
	at org.springframework.orm.jpa.AbstractEntityManagerFactoryBean.buildNativeEntityManagerFactory(AbstractEntityManagerFactoryBean.java:409)
	... 108 common frames omitted
2026-06-05 11:37:10 [restartedMain] INFO  com.exam.utility.UtilityApplication - Starting UtilityApplication using Java 23.0.2 with PID 7988 (C:\Users\ernes\Downloads\utility\utility\target\classes started by ernes in C:\Users\ernes\Downloads\utility\utility)
2026-06-05 11:37:10 [restartedMain] DEBUG com.exam.utility.UtilityApplication - Running with Spring Boot v3.3.5, Spring v6.1.14
2026-06-05 11:37:10 [restartedMain] INFO  com.exam.utility.UtilityApplication - The following 1 profile is active: "dev"
2026-06-05 11:37:10 [restartedMain] INFO  o.s.b.d.e.DevToolsPropertyDefaultsPostProcessor - Devtools property defaults active! Set 'spring.devtools.add-properties' to 'false' to disable
2026-06-05 11:37:10 [restartedMain] INFO  o.s.b.d.e.DevToolsPropertyDefaultsPostProcessor - For additional web related logging consider setting the 'logging.level.web' property to 'DEBUG'
2026-06-05 11:37:16 [restartedMain] INFO  o.s.d.r.c.RepositoryConfigurationDelegate - Bootstrapping Spring Data JPA repositories in DEFAULT mode.
2026-06-05 11:37:17 [restartedMain] INFO  o.s.d.r.c.RepositoryConfigurationDelegate - Finished Spring Data repository scanning in 519 ms. Found 24 JPA repository interfaces.
2026-06-05 11:37:19 [restartedMain] INFO  o.s.b.w.e.tomcat.TomcatWebServer - Tomcat initialized with port 8080 (http)
2026-06-05 11:37:20 [restartedMain] INFO  o.a.catalina.core.StandardService - Starting service [Tomcat]
2026-06-05 11:37:20 [restartedMain] INFO  o.a.catalina.core.StandardEngine - Starting Servlet engine: [Apache Tomcat/10.1.31]
2026-06-05 11:37:20 [restartedMain] INFO  o.a.c.c.C.[.[localhost].[/api/v1] - Initializing Spring embedded WebApplicationContext
2026-06-05 11:37:20 [restartedMain] INFO  o.s.b.w.s.c.ServletWebServerApplicationContext - Root WebApplicationContext: initialization completed in 10003 ms
2026-06-05 11:37:21 [restartedMain] INFO  com.zaxxer.hikari.HikariDataSource - UtilityBillingHikariPool - Starting...
2026-06-05 11:37:21 [restartedMain] INFO  com.zaxxer.hikari.pool.HikariPool - UtilityBillingHikariPool - Added connection org.postgresql.jdbc.PgConnection@496d28e0
2026-06-05 11:37:21 [restartedMain] INFO  com.zaxxer.hikari.HikariDataSource - UtilityBillingHikariPool - Start completed.
2026-06-05 11:37:22 [restartedMain] INFO  org.flywaydb.core.FlywayExecutor - Database: jdbc:postgresql://localhost:5432/utility_billing (PostgreSQL 10.23)
2026-06-05 11:37:22 [restartedMain] INFO  o.f.core.internal.command.DbValidate - Successfully validated 8 migrations (execution time 00:00.296s)
2026-06-05 11:37:22 [restartedMain] INFO  o.f.core.internal.command.DbMigrate - Current version of schema "public": 8
2026-06-05 11:37:22 [restartedMain] INFO  o.f.core.internal.command.DbMigrate - Schema "public" is up to date. No migration necessary.
2026-06-05 11:37:22 [restartedMain] INFO  o.h.jpa.internal.util.LogHelper - HHH000204: Processing PersistenceUnitInfo [name: default]
2026-06-05 11:37:22 [restartedMain] INFO  org.hibernate.Version - HHH000412: Hibernate ORM core version 6.5.3.Final
2026-06-05 11:37:22 [restartedMain] INFO  o.h.c.i.RegionFactoryInitiator - HHH000026: Second-level cache disabled
2026-06-05 11:37:23 [restartedMain] INFO  o.s.o.j.p.SpringPersistenceUnitInfo - No LoadTimeWeaver setup: ignoring JPA class transformer
2026-06-05 11:37:23 [restartedMain] WARN  org.hibernate.dialect.Dialect - HHH000511: The 10.23.0 version for [org.hibernate.dialect.PostgreSQLDialect] is no longer supported, hence certain features may not work properly. The minimum supported version is 12.0.0. Check the community dialects project for available legacy versions.
2026-06-05 11:37:23 [restartedMain] WARN  org.hibernate.orm.deprecation - HHH90000025: PostgreSQLDialect does not need to be specified explicitly using 'hibernate.dialect' (remove the property setting and it will be selected by default)
2026-06-05 11:37:27 [restartedMain] INFO  o.h.e.t.j.p.i.JtaPlatformInitiator - HHH000489: No JTA platform available (set 'hibernate.transaction.jta.platform' to enable JTA platform integration)
2026-06-05 11:37:27 [restartedMain] ERROR o.s.o.j.LocalContainerEntityManagerFactoryBean - Failed to initialize JPA EntityManagerFactory: [PersistenceUnit: default] Unable to build Hibernate SessionFactory; nested exception is org.hibernate.tool.schema.spi.SchemaManagementException: Schema-validation: wrong column type encountered in column [initial_reading] in table [meters]; found [numeric (Types#NUMERIC)], but expecting [float(34) (Types#FLOAT)]
2026-06-05 11:37:27 [restartedMain] ERROR o.s.b.w.e.tomcat.TomcatStarter - Error starting Tomcat context. Exception: org.springframework.beans.factory.UnsatisfiedDependencyException. Message: Error creating bean with name 'jwtAuthenticationFilter' defined in file [C:\Users\ernes\Downloads\utility\utility\target\classes\com\exam\utility\security\JwtAuthenticationFilter.class]: Unsatisfied dependency expressed through constructor parameter 1: Error creating bean with name 'userDetailsServiceImpl' defined in file [C:\Users\ernes\Downloads\utility\utility\target\classes\com\exam\utility\service\impl\UserDetailsServiceImpl.class]: Unsatisfied dependency expressed through constructor parameter 0: Error creating bean with name 'userRepository' defined in com.exam.utility.repository.UserRepository defined in @EnableJpaRepositories declared on JpaRepositoriesRegistrar.EnableJpaRepositoriesConfiguration: Cannot resolve reference to bean 'jpaSharedEM_entityManagerFactory' while setting bean property 'entityManager'
2026-06-05 11:37:27 [restartedMain] INFO  o.a.catalina.core.StandardService - Stopping service [Tomcat]
2026-06-05 11:37:27 [restartedMain] WARN  o.a.c.loader.WebappClassLoaderBase - The web application [api#v1] appears to have started a thread named [UtilityBillingHikariPool housekeeper] but has failed to stop it. This is very likely to create a memory leak. Stack trace of thread:
 java.base/jdk.internal.misc.Unsafe.park(Native Method)
 java.base/java.util.concurrent.locks.LockSupport.parkNanos(LockSupport.java:269)
 java.base/java.util.concurrent.locks.AbstractQueuedSynchronizer$ConditionObject.awaitNanos(AbstractQueuedSynchronizer.java:1763)
 java.base/java.util.concurrent.ScheduledThreadPoolExecutor$DelayedWorkQueue.take(ScheduledThreadPoolExecutor.java:1182)
 java.base/java.util.concurrent.ScheduledThreadPoolExecutor$DelayedWorkQueue.take(ScheduledThreadPoolExecutor.java:899)
 java.base/java.util.concurrent.ThreadPoolExecutor.getTask(ThreadPoolExecutor.java:1070)
 java.base/java.util.concurrent.ThreadPoolExecutor.runWorker(ThreadPoolExecutor.java:1130)
 java.base/java.util.concurrent.ThreadPoolExecutor$Worker.run(ThreadPoolExecutor.java:642)
 java.base/java.lang.Thread.run(Thread.java:1575)
2026-06-05 11:37:27 [restartedMain] WARN  o.s.b.w.s.c.AnnotationConfigServletWebServerApplicationContext - Exception encountered during context initialization - cancelling refresh attempt: org.springframework.context.ApplicationContextException: Unable to start web server
2026-06-05 11:37:27 [restartedMain] INFO  com.zaxxer.hikari.HikariDataSource - UtilityBillingHikariPool - Shutdown initiated...
2026-06-05 11:37:27 [restartedMain] INFO  com.zaxxer.hikari.HikariDataSource - UtilityBillingHikariPool - Shutdown completed.
2026-06-05 11:37:27 [restartedMain] INFO  o.s.b.a.l.ConditionEvaluationReportLogger - 

Error starting ApplicationContext. To display the condition evaluation report re-run your application with 'debug' enabled.
2026-06-05 11:37:27 [restartedMain] ERROR o.s.boot.SpringApplication - Application run failed
org.springframework.context.ApplicationContextException: Unable to start web server
	at org.springframework.boot.web.servlet.context.ServletWebServerApplicationContext.onRefresh(ServletWebServerApplicationContext.java:165)
	at org.springframework.context.support.AbstractApplicationContext.refresh(AbstractApplicationContext.java:619)
	at org.springframework.boot.web.servlet.context.ServletWebServerApplicationContext.refresh(ServletWebServerApplicationContext.java:146)
	at org.springframework.boot.SpringApplication.refresh(SpringApplication.java:754)
	at org.springframework.boot.SpringApplication.refreshContext(SpringApplication.java:456)
	at org.springframework.boot.SpringApplication.run(SpringApplication.java:335)
	at org.springframework.boot.SpringApplication.run(SpringApplication.java:1363)
	at org.springframework.boot.SpringApplication.run(SpringApplication.java:1352)
	at com.exam.utility.UtilityApplication.main(UtilityApplication.java:17)
	at java.base/jdk.internal.reflect.DirectMethodHandleAccessor.invoke(DirectMethodHandleAccessor.java:103)
	at java.base/java.lang.reflect.Method.invoke(Method.java:580)
	at org.springframework.boot.devtools.restart.RestartLauncher.run(RestartLauncher.java:50)
Caused by: org.springframework.boot.web.server.WebServerException: Unable to start embedded Tomcat
	at org.springframework.boot.web.embedded.tomcat.TomcatWebServer.initialize(TomcatWebServer.java:147)
	at org.springframework.boot.web.embedded.tomcat.TomcatWebServer.<init>(TomcatWebServer.java:107)
	at org.springframework.boot.web.embedded.tomcat.TomcatServletWebServerFactory.getTomcatWebServer(TomcatServletWebServerFactory.java:516)
	at org.springframework.boot.web.embedded.tomcat.TomcatServletWebServerFactory.getWebServer(TomcatServletWebServerFactory.java:222)
	at org.springframework.boot.web.servlet.context.ServletWebServerApplicationContext.createWebServer(ServletWebServerApplicationContext.java:188)
	at org.springframework.boot.web.servlet.context.ServletWebServerApplicationContext.onRefresh(ServletWebServerApplicationContext.java:162)
	... 11 common frames omitted
Caused by: org.springframework.beans.factory.UnsatisfiedDependencyException: Error creating bean with name 'jwtAuthenticationFilter' defined in file [C:\Users\ernes\Downloads\utility\utility\target\classes\com\exam\utility\security\JwtAuthenticationFilter.class]: Unsatisfied dependency expressed through constructor parameter 1: Error creating bean with name 'userDetailsServiceImpl' defined in file [C:\Users\ernes\Downloads\utility\utility\target\classes\com\exam\utility\service\impl\UserDetailsServiceImpl.class]: Unsatisfied dependency expressed through constructor parameter 0: Error creating bean with name 'userRepository' defined in com.exam.utility.repository.UserRepository defined in @EnableJpaRepositories declared on JpaRepositoriesRegistrar.EnableJpaRepositoriesConfiguration: Cannot resolve reference to bean 'jpaSharedEM_entityManagerFactory' while setting bean property 'entityManager'
	at org.springframework.beans.factory.support.ConstructorResolver.createArgumentArray(ConstructorResolver.java:795)
	at org.springframework.beans.factory.support.ConstructorResolver.autowireConstructor(ConstructorResolver.java:237)
	at org.springframework.beans.factory.support.AbstractAutowireCapableBeanFactory.autowireConstructor(AbstractAutowireCapableBeanFactory.java:1375)
	at org.springframework.beans.factory.support.AbstractAutowireCapableBeanFactory.createBeanInstance(AbstractAutowireCapableBeanFactory.java:1212)
	at org.springframework.beans.factory.support.AbstractAutowireCapableBeanFactory.doCreateBean(AbstractAutowireCapableBeanFactory.java:562)
	at org.springframework.beans.factory.support.AbstractAutowireCapableBeanFactory.createBean(AbstractAutowireCapableBeanFactory.java:522)
	at org.springframework.beans.factory.support.AbstractBeanFactory.lambda$doGetBean$0(AbstractBeanFactory.java:337)
	at org.springframework.beans.factory.support.DefaultSingletonBeanRegistry.getSingleton(DefaultSingletonBeanRegistry.java:234)
	at org.springframework.beans.factory.support.AbstractBeanFactory.doGetBean(AbstractBeanFactory.java:335)
	at org.springframework.beans.factory.support.AbstractBeanFactory.getBean(AbstractBeanFactory.java:205)
	at org.springframework.boot.web.servlet.ServletContextInitializerBeans.getOrderedBeansOfType(ServletContextInitializerBeans.java:211)
	at org.springframework.boot.web.servlet.ServletContextInitializerBeans.addAsRegistrationBean(ServletContextInitializerBeans.java:174)
	at org.springframework.boot.web.servlet.ServletContextInitializerBeans.addAsRegistrationBean(ServletContextInitializerBeans.java:169)
	at org.springframework.boot.web.servlet.ServletContextInitializerBeans.addAdaptableBeans(ServletContextInitializerBeans.java:154)
	at org.springframework.boot.web.servlet.ServletContextInitializerBeans.<init>(ServletContextInitializerBeans.java:87)
	at org.springframework.boot.web.servlet.context.ServletWebServerApplicationContext.getServletContextInitializerBeans(ServletWebServerApplicationContext.java:266)
	at org.springframework.boot.web.servlet.context.ServletWebServerApplicationContext.selfInitialize(ServletWebServerApplicationContext.java:240)
	at org.springframework.boot.web.embedded.tomcat.TomcatStarter.onStartup(TomcatStarter.java:52)
	at org.apache.catalina.core.StandardContext.startInternal(StandardContext.java:4412)
	at org.apache.catalina.util.LifecycleBase.start(LifecycleBase.java:164)
	at org.apache.catalina.core.ContainerBase$StartChild.call(ContainerBase.java:1203)
	at org.apache.catalina.core.ContainerBase$StartChild.call(ContainerBase.java:1193)
	at java.base/java.util.concurrent.FutureTask.run(FutureTask.java:317)
	at org.apache.tomcat.util.threads.InlineExecutorService.execute(InlineExecutorService.java:75)
	at java.base/java.util.concurrent.AbstractExecutorService.submit(AbstractExecutorService.java:148)
	at org.apache.catalina.core.ContainerBase.startInternal(ContainerBase.java:749)
	at org.apache.catalina.core.StandardHost.startInternal(StandardHost.java:772)
	at org.apache.catalina.util.LifecycleBase.start(LifecycleBase.java:164)
	at org.apache.catalina.core.ContainerBase$StartChild.call(ContainerBase.java:1203)
	at org.apache.catalina.core.ContainerBase$StartChild.call(ContainerBase.java:1193)
	at java.base/java.util.concurrent.FutureTask.run(FutureTask.java:317)
	at org.apache.tomcat.util.threads.InlineExecutorService.execute(InlineExecutorService.java:75)
	at java.base/java.util.concurrent.AbstractExecutorService.submit(AbstractExecutorService.java:148)
	at org.apache.catalina.core.ContainerBase.startInternal(ContainerBase.java:749)
	at org.apache.catalina.core.StandardEngine.startInternal(StandardEngine.java:203)
	at org.apache.catalina.util.LifecycleBase.start(LifecycleBase.java:164)
	at org.apache.catalina.core.StandardService.startInternal(StandardService.java:415)
	at org.apache.catalina.util.LifecycleBase.start(LifecycleBase.java:164)
	at org.apache.catalina.core.StandardServer.startInternal(StandardServer.java:870)
	at org.apache.catalina.util.LifecycleBase.start(LifecycleBase.java:164)
	at org.apache.catalina.startup.Tomcat.start(Tomcat.java:437)
	at org.springframework.boot.web.embedded.tomcat.TomcatWebServer.initialize(TomcatWebServer.java:128)
	... 16 common frames omitted
Caused by: org.springframework.beans.factory.UnsatisfiedDependencyException: Error creating bean with name 'userDetailsServiceImpl' defined in file [C:\Users\ernes\Downloads\utility\utility\target\classes\com\exam\utility\service\impl\UserDetailsServiceImpl.class]: Unsatisfied dependency expressed through constructor parameter 0: Error creating bean with name 'userRepository' defined in com.exam.utility.repository.UserRepository defined in @EnableJpaRepositories declared on JpaRepositoriesRegistrar.EnableJpaRepositoriesConfiguration: Cannot resolve reference to bean 'jpaSharedEM_entityManagerFactory' while setting bean property 'entityManager'
	at org.springframework.beans.factory.support.ConstructorResolver.createArgumentArray(ConstructorResolver.java:795)
	at org.springframework.beans.factory.support.ConstructorResolver.autowireConstructor(ConstructorResolver.java:237)
	at org.springframework.beans.factory.support.AbstractAutowireCapableBeanFactory.autowireConstructor(AbstractAutowireCapableBeanFactory.java:1375)
	at org.springframework.beans.factory.support.AbstractAutowireCapableBeanFactory.createBeanInstance(AbstractAutowireCapableBeanFactory.java:1212)
	at org.springframework.beans.factory.support.AbstractAutowireCapableBeanFactory.doCreateBean(AbstractAutowireCapableBeanFactory.java:562)
	at org.springframework.beans.factory.support.AbstractAutowireCapableBeanFactory.createBean(AbstractAutowireCapableBeanFactory.java:522)
	at org.springframework.beans.factory.support.AbstractBeanFactory.lambda$doGetBean$0(AbstractBeanFactory.java:337)
	at org.springframework.beans.factory.support.DefaultSingletonBeanRegistry.getSingleton(DefaultSingletonBeanRegistry.java:234)
	at org.springframework.beans.factory.support.AbstractBeanFactory.doGetBean(AbstractBeanFactory.java:335)
	at org.springframework.beans.factory.support.AbstractBeanFactory.getBean(AbstractBeanFactory.java:200)
	at org.springframework.beans.factory.config.DependencyDescriptor.resolveCandidate(DependencyDescriptor.java:254)
	at org.springframework.beans.factory.support.DefaultListableBeanFactory.doResolveDependency(DefaultListableBeanFactory.java:1443)
	at org.springframework.beans.factory.support.DefaultListableBeanFactory.resolveDependency(DefaultListableBeanFactory.java:1353)
	at org.springframework.beans.factory.support.ConstructorResolver.resolveAutowiredArgument(ConstructorResolver.java:904)
	at org.springframework.beans.factory.support.ConstructorResolver.createArgumentArray(ConstructorResolver.java:782)
	... 57 common frames omitted
Caused by: org.springframework.beans.factory.BeanCreationException: Error creating bean with name 'userRepository' defined in com.exam.utility.repository.UserRepository defined in @EnableJpaRepositories declared on JpaRepositoriesRegistrar.EnableJpaRepositoriesConfiguration: Cannot resolve reference to bean 'jpaSharedEM_entityManagerFactory' while setting bean property 'entityManager'
	at org.springframework.beans.factory.support.BeanDefinitionValueResolver.resolveReference(BeanDefinitionValueResolver.java:377)
	at org.springframework.beans.factory.support.BeanDefinitionValueResolver.resolveValueIfNecessary(BeanDefinitionValueResolver.java:135)
	at org.springframework.beans.factory.support.AbstractAutowireCapableBeanFactory.applyPropertyValues(AbstractAutowireCapableBeanFactory.java:1705)
	at org.springframework.beans.factory.support.AbstractAutowireCapableBeanFactory.populateBean(AbstractAutowireCapableBeanFactory.java:1454)
	at org.springframework.beans.factory.support.AbstractAutowireCapableBeanFactory.doCreateBean(AbstractAutowireCapableBeanFactory.java:599)
	at org.springframework.beans.factory.support.AbstractAutowireCapableBeanFactory.createBean(AbstractAutowireCapableBeanFactory.java:522)
	at org.springframework.beans.factory.support.AbstractBeanFactory.lambda$doGetBean$0(AbstractBeanFactory.java:337)
	at org.springframework.beans.factory.support.DefaultSingletonBeanRegistry.getSingleton(DefaultSingletonBeanRegistry.java:234)
	at org.springframework.beans.factory.support.AbstractBeanFactory.doGetBean(AbstractBeanFactory.java:335)
	at org.springframework.beans.factory.support.AbstractBeanFactory.getBean(AbstractBeanFactory.java:200)
	at org.springframework.beans.factory.config.DependencyDescriptor.resolveCandidate(DependencyDescriptor.java:254)
	at org.springframework.beans.factory.support.DefaultListableBeanFactory.doResolveDependency(DefaultListableBeanFactory.java:1443)
	at org.springframework.beans.factory.support.DefaultListableBeanFactory.resolveDependency(DefaultListableBeanFactory.java:1353)
	at org.springframework.beans.factory.support.ConstructorResolver.resolveAutowiredArgument(ConstructorResolver.java:904)
	at org.springframework.beans.factory.support.ConstructorResolver.createArgumentArray(ConstructorResolver.java:782)
	... 71 common frames omitted
Caused by: org.springframework.beans.factory.BeanCreationException: Error creating bean with name 'jpaSharedEM_entityManagerFactory': Cannot resolve reference to bean 'entityManagerFactory' while setting constructor argument
	at org.springframework.beans.factory.support.BeanDefinitionValueResolver.resolveReference(BeanDefinitionValueResolver.java:377)
	at org.springframework.beans.factory.support.BeanDefinitionValueResolver.resolveValueIfNecessary(BeanDefinitionValueResolver.java:135)
	at org.springframework.beans.factory.support.ConstructorResolver.resolveConstructorArguments(ConstructorResolver.java:682)
	at org.springframework.beans.factory.support.ConstructorResolver.instantiateUsingFactoryMethod(ConstructorResolver.java:509)
	at org.springframework.beans.factory.support.AbstractAutowireCapableBeanFactory.instantiateUsingFactoryMethod(AbstractAutowireCapableBeanFactory.java:1355)
	at org.springframework.beans.factory.support.AbstractAutowireCapableBeanFactory.createBeanInstance(AbstractAutowireCapableBeanFactory.java:1185)
	at org.springframework.beans.factory.support.AbstractAutowireCapableBeanFactory.doCreateBean(AbstractAutowireCapableBeanFactory.java:562)
	at org.springframework.beans.factory.support.AbstractAutowireCapableBeanFactory.createBean(AbstractAutowireCapableBeanFactory.java:522)
	at org.springframework.beans.factory.support.AbstractBeanFactory.lambda$doGetBean$0(AbstractBeanFactory.java:337)
	at org.springframework.beans.factory.support.DefaultSingletonBeanRegistry.getSingleton(DefaultSingletonBeanRegistry.java:234)
	at org.springframework.beans.factory.support.AbstractBeanFactory.doGetBean(AbstractBeanFactory.java:335)
	at org.springframework.beans.factory.support.AbstractBeanFactory.getBean(AbstractBeanFactory.java:200)
	at org.springframework.beans.factory.support.BeanDefinitionValueResolver.resolveReference(BeanDefinitionValueResolver.java:365)
	... 85 common frames omitted
Caused by: org.springframework.beans.factory.BeanCreationException: Error creating bean with name 'entityManagerFactory' defined in class path resource [org/springframework/boot/autoconfigure/orm/jpa/HibernateJpaConfiguration.class]: [PersistenceUnit: default] Unable to build Hibernate SessionFactory; nested exception is org.hibernate.tool.schema.spi.SchemaManagementException: Schema-validation: wrong column type encountered in column [initial_reading] in table [meters]; found [numeric (Types#NUMERIC)], but expecting [float(34) (Types#FLOAT)]
	at org.springframework.beans.factory.support.AbstractAutowireCapableBeanFactory.initializeBean(AbstractAutowireCapableBeanFactory.java:1806)
	at org.springframework.beans.factory.support.AbstractAutowireCapableBeanFactory.doCreateBean(AbstractAutowireCapableBeanFactory.java:600)
	at org.springframework.beans.factory.support.AbstractAutowireCapableBeanFactory.createBean(AbstractAutowireCapableBeanFactory.java:522)
	at org.springframework.beans.factory.support.AbstractBeanFactory.lambda$doGetBean$0(AbstractBeanFactory.java:337)
	at org.springframework.beans.factory.support.DefaultSingletonBeanRegistry.getSingleton(DefaultSingletonBeanRegistry.java:234)
	at org.springframework.beans.factory.support.AbstractBeanFactory.doGetBean(AbstractBeanFactory.java:335)
	at org.springframework.beans.factory.support.AbstractBeanFactory.getBean(AbstractBeanFactory.java:200)
	at org.springframework.beans.factory.support.BeanDefinitionValueResolver.resolveReference(BeanDefinitionValueResolver.java:365)
	... 97 common frames omitted
Caused by: jakarta.persistence.PersistenceException: [PersistenceUnit: default] Unable to build Hibernate SessionFactory; nested exception is org.hibernate.tool.schema.spi.SchemaManagementException: Schema-validation: wrong column type encountered in column [initial_reading] in table [meters]; found [numeric (Types#NUMERIC)], but expecting [float(34) (Types#FLOAT)]
	at org.springframework.orm.jpa.AbstractEntityManagerFactoryBean.buildNativeEntityManagerFactory(AbstractEntityManagerFactoryBean.java:421)
	at org.springframework.orm.jpa.AbstractEntityManagerFactoryBean.afterPropertiesSet(AbstractEntityManagerFactoryBean.java:396)
	at org.springframework.orm.jpa.LocalContainerEntityManagerFactoryBean.afterPropertiesSet(LocalContainerEntityManagerFactoryBean.java:366)
	at org.springframework.beans.factory.support.AbstractAutowireCapableBeanFactory.invokeInitMethods(AbstractAutowireCapableBeanFactory.java:1853)
	at org.springframework.beans.factory.support.AbstractAutowireCapableBeanFactory.initializeBean(AbstractAutowireCapableBeanFactory.java:1802)
	... 104 common frames omitted
Caused by: org.hibernate.tool.schema.spi.SchemaManagementException: Schema-validation: wrong column type encountered in column [initial_reading] in table [meters]; found [numeric (Types#NUMERIC)], but expecting [float(34) (Types#FLOAT)]
	at org.hibernate.tool.schema.internal.AbstractSchemaValidator.validateColumnType(AbstractSchemaValidator.java:168)
	at org.hibernate.tool.schema.internal.AbstractSchemaValidator.validateTable(AbstractSchemaValidator.java:155)
	at org.hibernate.tool.schema.internal.GroupedSchemaValidatorImpl.validateTables(GroupedSchemaValidatorImpl.java:46)
	at org.hibernate.tool.schema.internal.AbstractSchemaValidator.performValidation(AbstractSchemaValidator.java:98)
	at org.hibernate.tool.schema.internal.AbstractSchemaValidator.doValidation(AbstractSchemaValidator.java:76)
	at org.hibernate.tool.schema.spi.SchemaManagementToolCoordinator.performDatabaseAction(SchemaManagementToolCoordinator.java:289)
	at org.hibernate.tool.schema.spi.SchemaManagementToolCoordinator.lambda$process$5(SchemaManagementToolCoordinator.java:144)
	at java.base/java.util.HashMap.forEach(HashMap.java:1430)
	at org.hibernate.tool.schema.spi.SchemaManagementToolCoordinator.process(SchemaManagementToolCoordinator.java:141)
	at org.hibernate.boot.internal.SessionFactoryObserverForSchemaExport.sessionFactoryCreated(SessionFactoryObserverForSchemaExport.java:37)
	at org.hibernate.internal.SessionFactoryObserverChain.sessionFactoryCreated(SessionFactoryObserverChain.java:35)
	at org.hibernate.internal.SessionFactoryImpl.<init>(SessionFactoryImpl.java:322)
	at org.hibernate.boot.internal.SessionFactoryBuilderImpl.build(SessionFactoryBuilderImpl.java:457)
	at org.hibernate.jpa.boot.internal.EntityManagerFactoryBuilderImpl.build(EntityManagerFactoryBuilderImpl.java:1506)
	at org.springframework.orm.jpa.vendor.SpringHibernateJpaPersistenceProvider.createContainerEntityManagerFactory(SpringHibernateJpaPersistenceProvider.java:75)
	at org.springframework.orm.jpa.LocalContainerEntityManagerFactoryBean.createNativeEntityManagerFactory(LocalContainerEntityManagerFactoryBean.java:390)
	at org.springframework.orm.jpa.AbstractEntityManagerFactoryBean.buildNativeEntityManagerFactory(AbstractEntityManagerFactoryBean.java:409)
	... 108 common frames omitted
2026-06-05 11:40:01 [restartedMain] INFO  com.exam.utility.UtilityApplication - Starting UtilityApplication using Java 23.0.2 with PID 19376 (C:\Users\ernes\Downloads\utility\utility\target\classes started by ernes in C:\Users\ernes\Downloads\utility\utility)
2026-06-05 11:40:01 [restartedMain] DEBUG com.exam.utility.UtilityApplication - Running with Spring Boot v3.3.5, Spring v6.1.14
2026-06-05 11:40:01 [restartedMain] INFO  com.exam.utility.UtilityApplication - The following 1 profile is active: "dev"
2026-06-05 11:40:01 [restartedMain] INFO  o.s.b.d.e.DevToolsPropertyDefaultsPostProcessor - Devtools property defaults active! Set 'spring.devtools.add-properties' to 'false' to disable
2026-06-05 11:40:01 [restartedMain] INFO  o.s.b.d.e.DevToolsPropertyDefaultsPostProcessor - For additional web related logging consider setting the 'logging.level.web' property to 'DEBUG'
2026-06-05 11:40:06 [restartedMain] INFO  o.s.d.r.c.RepositoryConfigurationDelegate - Bootstrapping Spring Data JPA repositories in DEFAULT mode.
2026-06-05 11:40:06 [restartedMain] INFO  o.s.d.r.c.RepositoryConfigurationDelegate - Finished Spring Data repository scanning in 289 ms. Found 24 JPA repository interfaces.
2026-06-05 11:40:08 [restartedMain] INFO  o.s.b.w.e.tomcat.TomcatWebServer - Tomcat initialized with port 8080 (http)
2026-06-05 11:40:08 [restartedMain] INFO  o.a.catalina.core.StandardService - Starting service [Tomcat]
2026-06-05 11:40:08 [restartedMain] INFO  o.a.catalina.core.StandardEngine - Starting Servlet engine: [Apache Tomcat/10.1.31]
2026-06-05 11:40:08 [restartedMain] INFO  o.a.c.c.C.[.[localhost].[/api/v1] - Initializing Spring embedded WebApplicationContext
2026-06-05 11:40:08 [restartedMain] INFO  o.s.b.w.s.c.ServletWebServerApplicationContext - Root WebApplicationContext: initialization completed in 7304 ms
2026-06-05 11:40:09 [restartedMain] INFO  com.zaxxer.hikari.HikariDataSource - UtilityBillingHikariPool - Starting...
2026-06-05 11:40:09 [restartedMain] INFO  com.zaxxer.hikari.pool.HikariPool - UtilityBillingHikariPool - Added connection org.postgresql.jdbc.PgConnection@298c0050
2026-06-05 11:40:09 [restartedMain] INFO  com.zaxxer.hikari.HikariDataSource - UtilityBillingHikariPool - Start completed.
2026-06-05 11:40:09 [restartedMain] INFO  org.flywaydb.core.FlywayExecutor - Database: jdbc:postgresql://localhost:5432/utility_billing (PostgreSQL 10.23)
2026-06-05 11:40:10 [restartedMain] INFO  o.f.core.internal.command.DbValidate - Successfully validated 8 migrations (execution time 00:00.120s)
2026-06-05 11:40:10 [restartedMain] INFO  o.f.core.internal.command.DbMigrate - Current version of schema "public": 8
2026-06-05 11:40:10 [restartedMain] INFO  o.f.core.internal.command.DbMigrate - Schema "public" is up to date. No migration necessary.
2026-06-05 11:40:10 [restartedMain] INFO  o.h.jpa.internal.util.LogHelper - HHH000204: Processing PersistenceUnitInfo [name: default]
2026-06-05 11:40:10 [restartedMain] INFO  org.hibernate.Version - HHH000412: Hibernate ORM core version 6.5.3.Final
2026-06-05 11:40:10 [restartedMain] INFO  o.h.c.i.RegionFactoryInitiator - HHH000026: Second-level cache disabled
2026-06-05 11:40:11 [restartedMain] INFO  o.s.o.j.p.SpringPersistenceUnitInfo - No LoadTimeWeaver setup: ignoring JPA class transformer
2026-06-05 11:40:11 [restartedMain] WARN  org.hibernate.dialect.Dialect - HHH000511: The 10.23.0 version for [org.hibernate.dialect.PostgreSQLDialect] is no longer supported, hence certain features may not work properly. The minimum supported version is 12.0.0. Check the community dialects project for available legacy versions.
2026-06-05 11:40:11 [restartedMain] WARN  org.hibernate.orm.deprecation - HHH90000025: PostgreSQLDialect does not need to be specified explicitly using 'hibernate.dialect' (remove the property setting and it will be selected by default)
2026-06-05 11:40:14 [restartedMain] INFO  o.h.e.t.j.p.i.JtaPlatformInitiator - HHH000489: No JTA platform available (set 'hibernate.transaction.jta.platform' to enable JTA platform integration)
2026-06-05 11:40:14 [restartedMain] INFO  o.s.o.j.LocalContainerEntityManagerFactoryBean - Initialized JPA EntityManagerFactory for persistence unit 'default'
2026-06-05 11:40:14 [restartedMain] INFO  o.s.d.j.r.query.QueryEnhancerFactory - Hibernate is in classpath; If applicable, HQL parser will be used.
2026-06-05 11:40:15 [restartedMain] DEBUG c.e.u.s.JwtAuthenticationFilter - Filter 'jwtAuthenticationFilter' configured for use
2026-06-05 11:40:18 [restartedMain] INFO  o.s.s.c.a.a.c.InitializeAuthenticationProviderBeanManagerConfigurer$InitializeAuthenticationProviderManagerConfigurer - Global AuthenticationManager configured with AuthenticationProvider bean with name authenticationProvider
2026-06-05 11:40:18 [restartedMain] WARN  o.s.s.c.a.a.c.InitializeUserDetailsBeanManagerConfigurer$InitializeUserDetailsManagerConfigurer - Global AuthenticationManager configured with an AuthenticationProvider bean. UserDetailsService beans will not be used for username/password login. Consider removing the AuthenticationProvider bean. Alternatively, consider using the UserDetailsService in a manually instantiated DaoAuthenticationProvider.
2026-06-05 11:40:20 [restartedMain] INFO  o.s.b.a.e.web.EndpointLinksResolver - Exposing 4 endpoints beneath base path '/actuator'
2026-06-05 11:40:23 [restartedMain] INFO  o.s.b.d.a.OptionalLiveReloadServer - LiveReload server is running on port 35729
2026-06-05 11:40:23 [restartedMain] INFO  o.s.b.w.e.tomcat.TomcatWebServer - Tomcat started on port 8080 (http) with context path '/api/v1'
2026-06-05 11:40:23 [restartedMain] INFO  com.exam.utility.UtilityApplication - Started UtilityApplication in 23.026 seconds (process running for 25.638)
2026-06-05 11:40:24 [RMI TCP Connection(1)-10.12.74.32] INFO  o.a.c.c.C.[.[localhost].[/api/v1] - Initializing Spring DispatcherServlet 'dispatcherServlet'
2026-06-05 11:40:24 [RMI TCP Connection(1)-10.12.74.32] INFO  o.s.web.servlet.DispatcherServlet - Initializing Servlet 'dispatcherServlet'
2026-06-05 11:40:24 [RMI TCP Connection(1)-10.12.74.32] INFO  o.s.web.servlet.DispatcherServlet - Completed initialization in 5 ms
2026-06-05 11:40:29 [RMI TCP Connection(3)-10.12.74.32] WARN  o.s.b.a.mail.MailHealthIndicator - Mail health check failed
jakarta.mail.AuthenticationFailedException: 535-5.7.8 Username and Password not accepted. For more information, go to
535 5.7.8  https://support.google.com/mail/?p=BadCredentials ffacd0b85a97d-4601f2dc412sm24976148f8f.4 - gsmtp

	at org.eclipse.angus.mail.smtp.SMTPTransport$Authenticator.authenticate(SMTPTransport.java:954)
	at org.eclipse.angus.mail.smtp.SMTPTransport.authenticate(SMTPTransport.java:865)
	at org.eclipse.angus.mail.smtp.SMTPTransport.protocolConnect(SMTPTransport.java:769)
	at jakarta.mail.Service.connect(Service.java:345)
	at org.springframework.mail.javamail.JavaMailSenderImpl.connectTransport(JavaMailSenderImpl.java:480)
	at org.springframework.mail.javamail.JavaMailSenderImpl.testConnection(JavaMailSenderImpl.java:360)
	at org.springframework.boot.actuate.mail.MailHealthIndicator.doHealthCheck(MailHealthIndicator.java:52)
	at org.springframework.boot.actuate.health.AbstractHealthIndicator.health(AbstractHealthIndicator.java:82)
	at org.springframework.boot.actuate.health.HealthIndicator.getHealth(HealthIndicator.java:37)
	at org.springframework.boot.actuate.health.HealthEndpoint.getHealth(HealthEndpoint.java:82)
	at org.springframework.boot.actuate.health.HealthEndpoint.getHealth(HealthEndpoint.java:41)
	at org.springframework.boot.actuate.health.HealthEndpointSupport.getLoggedHealth(HealthEndpointSupport.java:172)
	at org.springframework.boot.actuate.health.HealthEndpointSupport.getContribution(HealthEndpointSupport.java:145)
	at org.springframework.boot.actuate.health.HealthEndpointSupport.getAggregateContribution(HealthEndpointSupport.java:156)
	at org.springframework.boot.actuate.health.HealthEndpointSupport.getContribution(HealthEndpointSupport.java:141)
	at org.springframework.boot.actuate.health.HealthEndpointSupport.getHealth(HealthEndpointSupport.java:110)
	at org.springframework.boot.actuate.health.HealthEndpointSupport.getHealth(HealthEndpointSupport.java:81)
	at org.springframework.boot.actuate.health.HealthEndpoint.health(HealthEndpoint.java:76)
	at org.springframework.boot.actuate.health.HealthEndpoint.health(HealthEndpoint.java:66)
	at java.base/jdk.internal.reflect.DirectMethodHandleAccessor.invoke(DirectMethodHandleAccessor.java:103)
	at java.base/java.lang.reflect.Method.invoke(Method.java:580)
	at org.springframework.util.ReflectionUtils.invokeMethod(ReflectionUtils.java:281)
	at org.springframework.boot.actuate.endpoint.invoke.reflect.ReflectiveOperationInvoker.invoke(ReflectiveOperationInvoker.java:74)
	at org.springframework.boot.actuate.endpoint.annotation.AbstractDiscoveredOperation.invoke(AbstractDiscoveredOperation.java:60)
	at org.springframework.boot.actuate.endpoint.jmx.EndpointMBean.invoke(EndpointMBean.java:124)
	at org.springframework.boot.actuate.endpoint.jmx.EndpointMBean.invoke(EndpointMBean.java:97)
	at java.management/com.sun.jmx.interceptor.DefaultMBeanServerInterceptor.invoke(DefaultMBeanServerInterceptor.java:803)
	at java.management/com.sun.jmx.mbeanserver.JmxMBeanServer.invoke(JmxMBeanServer.java:802)
	at java.management.rmi/javax.management.remote.rmi.RMIConnectionImpl.doOperation(RMIConnectionImpl.java:1520)
	at java.management.rmi/javax.management.remote.rmi.RMIConnectionImpl$PrivilegedOperation.run(RMIConnectionImpl.java:1348)
	at java.management.rmi/javax.management.remote.rmi.RMIConnectionImpl.doPrivilegedOperation(RMIConnectionImpl.java:1435)
	at java.management.rmi/javax.management.remote.rmi.RMIConnectionImpl.invoke(RMIConnectionImpl.java:841)
	at java.base/jdk.internal.reflect.DirectMethodHandleAccessor.invoke(DirectMethodHandleAccessor.java:103)
	at java.base/java.lang.reflect.Method.invoke(Method.java:580)
	at java.rmi/sun.rmi.server.UnicastServerRef.dispatch(UnicastServerRef.java:360)
	at java.rmi/sun.rmi.transport.Transport$1.run(Transport.java:200)
	at java.rmi/sun.rmi.transport.Transport$1.run(Transport.java:197)
	at java.base/java.security.AccessController.doPrivileged(AccessController.java:714)
	at java.rmi/sun.rmi.transport.Transport.serviceCall(Transport.java:196)
	at java.rmi/sun.rmi.transport.tcp.TCPTransport.handleMessages(TCPTransport.java:598)
	at java.rmi/sun.rmi.transport.tcp.TCPTransport$ConnectionHandler.run0(TCPTransport.java:844)
	at java.rmi/sun.rmi.transport.tcp.TCPTransport$ConnectionHandler.lambda$run$0(TCPTransport.java:721)
	at java.base/java.security.AccessController.doPrivileged(AccessController.java:400)
	at java.rmi/sun.rmi.transport.tcp.TCPTransport$ConnectionHandler.run(TCPTransport.java:720)
	at java.base/java.util.concurrent.ThreadPoolExecutor.runWorker(ThreadPoolExecutor.java:1144)
	at java.base/java.util.concurrent.ThreadPoolExecutor$Worker.run(ThreadPoolExecutor.java:642)
	at java.base/java.lang.Thread.run(Thread.java:1575)
2026-06-05 11:44:21 [SpringApplicationShutdownHook] INFO  o.s.o.j.LocalContainerEntityManagerFactoryBean - Closing JPA EntityManagerFactory for persistence unit 'default'
2026-06-05 11:44:21 [SpringApplicationShutdownHook] INFO  com.zaxxer.hikari.HikariDataSource - UtilityBillingHikariPool - Shutdown initiated...
2026-06-05 11:44:21 [SpringApplicationShutdownHook] INFO  com.zaxxer.hikari.HikariDataSource - UtilityBillingHikariPool - Shutdown completed.
2026-06-05 11:44:32 [restartedMain] INFO  com.exam.utility.UtilityApplication - Starting UtilityApplication using Java 23.0.2 with PID 1876 (C:\Users\ernes\Downloads\utility\utility\target\classes started by ernes in C:\Users\ernes\Downloads\utility\utility)
2026-06-05 11:44:32 [restartedMain] DEBUG com.exam.utility.UtilityApplication - Running with Spring Boot v3.3.5, Spring v6.1.14
2026-06-05 11:44:32 [restartedMain] INFO  com.exam.utility.UtilityApplication - The following 1 profile is active: "dev"
2026-06-05 11:44:33 [restartedMain] INFO  o.s.b.d.e.DevToolsPropertyDefaultsPostProcessor - Devtools property defaults active! Set 'spring.devtools.add-properties' to 'false' to disable
2026-06-05 11:44:33 [restartedMain] INFO  o.s.b.d.e.DevToolsPropertyDefaultsPostProcessor - For additional web related logging consider setting the 'logging.level.web' property to 'DEBUG'
2026-06-05 11:44:36 [restartedMain] INFO  o.s.d.r.c.RepositoryConfigurationDelegate - Bootstrapping Spring Data JPA repositories in DEFAULT mode.
2026-06-05 11:44:37 [restartedMain] INFO  o.s.d.r.c.RepositoryConfigurationDelegate - Finished Spring Data repository scanning in 316 ms. Found 24 JPA repository interfaces.
2026-06-05 11:44:41 [restartedMain] INFO  o.s.b.w.e.tomcat.TomcatWebServer - Tomcat initialized with port 8080 (http)
2026-06-05 11:44:41 [restartedMain] INFO  o.a.catalina.core.StandardService - Starting service [Tomcat]
2026-06-05 11:44:41 [restartedMain] INFO  o.a.catalina.core.StandardEngine - Starting Servlet engine: [Apache Tomcat/10.1.31]
2026-06-05 11:44:41 [restartedMain] INFO  o.a.c.c.C.[.[localhost].[/api/v1] - Initializing Spring embedded WebApplicationContext
2026-06-05 11:44:41 [restartedMain] INFO  o.s.b.w.s.c.ServletWebServerApplicationContext - Root WebApplicationContext: initialization completed in 8450 ms
2026-06-05 11:44:43 [restartedMain] INFO  com.zaxxer.hikari.HikariDataSource - UtilityBillingHikariPool - Starting...
2026-06-05 11:44:44 [restartedMain] INFO  com.zaxxer.hikari.pool.HikariPool - UtilityBillingHikariPool - Added connection org.postgresql.jdbc.PgConnection@3a4e229a
2026-06-05 11:44:44 [restartedMain] INFO  com.zaxxer.hikari.HikariDataSource - UtilityBillingHikariPool - Start completed.
2026-06-05 11:44:44 [restartedMain] INFO  org.flywaydb.core.FlywayExecutor - Database: jdbc:postgresql://localhost:5432/utility_billing (PostgreSQL 10.23)
2026-06-05 11:44:45 [restartedMain] INFO  o.f.core.internal.command.DbValidate - Successfully validated 8 migrations (execution time 00:00.190s)
2026-06-05 11:44:45 [restartedMain] INFO  o.f.core.internal.command.DbMigrate - Current version of schema "public": 8
2026-06-05 11:44:45 [restartedMain] INFO  o.f.core.internal.command.DbMigrate - Schema "public" is up to date. No migration necessary.
2026-06-05 11:44:45 [restartedMain] INFO  o.h.jpa.internal.util.LogHelper - HHH000204: Processing PersistenceUnitInfo [name: default]
2026-06-05 11:44:46 [restartedMain] INFO  org.hibernate.Version - HHH000412: Hibernate ORM core version 6.5.3.Final
2026-06-05 11:44:46 [restartedMain] INFO  o.h.c.i.RegionFactoryInitiator - HHH000026: Second-level cache disabled
2026-06-05 11:44:47 [restartedMain] INFO  o.s.o.j.p.SpringPersistenceUnitInfo - No LoadTimeWeaver setup: ignoring JPA class transformer
2026-06-05 11:44:48 [restartedMain] WARN  org.hibernate.dialect.Dialect - HHH000511: The 10.23.0 version for [org.hibernate.dialect.PostgreSQLDialect] is no longer supported, hence certain features may not work properly. The minimum supported version is 12.0.0. Check the community dialects project for available legacy versions.
2026-06-05 11:44:48 [restartedMain] WARN  org.hibernate.orm.deprecation - HHH90000025: PostgreSQLDialect does not need to be specified explicitly using 'hibernate.dialect' (remove the property setting and it will be selected by default)
2026-06-05 11:44:56 [restartedMain] INFO  o.h.e.t.j.p.i.JtaPlatformInitiator - HHH000489: No JTA platform available (set 'hibernate.transaction.jta.platform' to enable JTA platform integration)
2026-06-05 11:44:56 [restartedMain] INFO  o.s.o.j.LocalContainerEntityManagerFactoryBean - Initialized JPA EntityManagerFactory for persistence unit 'default'
2026-06-05 11:44:58 [restartedMain] INFO  o.s.d.j.r.query.QueryEnhancerFactory - Hibernate is in classpath; If applicable, HQL parser will be used.
2026-06-05 11:45:04 [restartedMain] DEBUG c.e.u.s.JwtAuthenticationFilter - Filter 'jwtAuthenticationFilter' configured for use
2026-06-05 11:45:08 [restartedMain] INFO  o.s.s.c.a.a.c.InitializeAuthenticationProviderBeanManagerConfigurer$InitializeAuthenticationProviderManagerConfigurer - Global AuthenticationManager configured with AuthenticationProvider bean with name authenticationProvider
2026-06-05 11:45:08 [restartedMain] WARN  o.s.s.c.a.a.c.InitializeUserDetailsBeanManagerConfigurer$InitializeUserDetailsManagerConfigurer - Global AuthenticationManager configured with an AuthenticationProvider bean. UserDetailsService beans will not be used for username/password login. Consider removing the AuthenticationProvider bean. Alternatively, consider using the UserDetailsService in a manually instantiated DaoAuthenticationProvider.
2026-06-05 11:45:12 [restartedMain] INFO  o.s.b.a.e.web.EndpointLinksResolver - Exposing 4 endpoints beneath base path '/actuator'
2026-06-05 11:45:20 [restartedMain] INFO  o.s.b.d.a.OptionalLiveReloadServer - LiveReload server is running on port 35729
2026-06-05 11:45:20 [restartedMain] INFO  o.s.b.w.e.tomcat.TomcatWebServer - Tomcat started on port 8080 (http) with context path '/api/v1'
2026-06-05 11:45:20 [restartedMain] INFO  com.exam.utility.UtilityApplication - Started UtilityApplication in 48.645 seconds (process running for 51.52)
2026-06-05 11:45:21 [RMI TCP Connection(2)-10.12.74.32] INFO  o.a.c.c.C.[.[localhost].[/api/v1] - Initializing Spring DispatcherServlet 'dispatcherServlet'
2026-06-05 11:45:21 [RMI TCP Connection(2)-10.12.74.32] INFO  o.s.web.servlet.DispatcherServlet - Initializing Servlet 'dispatcherServlet'
2026-06-05 11:45:21 [RMI TCP Connection(2)-10.12.74.32] INFO  o.s.web.servlet.DispatcherServlet - Completed initialization in 6 ms
2026-06-05 11:46:48 [http-nio-8080-exec-1] INFO  o.s.api.AbstractOpenApiResource - Init duration for springdoc-openapi is: 3194 ms
2026-06-05 11:50:13 [http-nio-8080-exec-9] DEBUG org.hibernate.SQL - 
    select
        u1_0.id,
        u1_0.account_non_expired,
        u1_0.account_non_locked,
        u1_0.created_at,
        u1_0.created_by,
        u1_0.credentials_non_expired,
        u1_0.email,
        u1_0.enabled,
        u1_0.failed_login_attempts,
        u1_0.full_name,
        u1_0.last_login,
        u1_0.lock_time,
        u1_0.password,
        u1_0.phone_number,
        u1_0.updated_at,
        u1_0.updated_by 
    from
        public.users u1_0 
    where
        u1_0.email=?
2026-06-05 11:50:14 [http-nio-8080-exec-9] DEBUG org.hibernate.SQL - 
    select
        r1_0.user_id,
        r1_1.id,
        r1_1.created_at,
        r1_1.created_by,
        r1_1.description,
        r1_1.name,
        p1_0.role_id,
        p1_1.id,
        p1_1.created_at,
        p1_1.created_by,
        p1_1.description,
        p1_1.name,
        p1_1.updated_at,
        p1_1.updated_by,
        r1_1.updated_at,
        r1_1.updated_by 
    from
        public.user_roles r1_0 
    join
        public.roles r1_1 
            on r1_1.id=r1_0.role_id 
    left join
        public.role_permissions p1_0 
            on r1_1.id=p1_0.role_id 
    left join
        public.permissions p1_1 
            on p1_1.id=p1_0.permission_id 
    where
        r1_0.user_id=?
2026-06-05 11:50:15 [http-nio-8080-exec-9] DEBUG org.hibernate.SQL - 
    select
        u1_0.id,
        u1_0.account_non_expired,
        u1_0.account_non_locked,
        u1_0.created_at,
        u1_0.created_by,
        u1_0.credentials_non_expired,
        u1_0.email,
        u1_0.enabled,
        u1_0.failed_login_attempts,
        u1_0.full_name,
        u1_0.last_login,
        u1_0.lock_time,
        u1_0.password,
        u1_0.phone_number,
        u1_0.updated_at,
        u1_0.updated_by 
    from
        public.users u1_0 
    where
        u1_0.email=?
2026-06-05 11:50:16 [http-nio-8080-exec-9] DEBUG org.hibernate.SQL - 
    update
        public.users u1_0 
    set
        failed_login_attempts=(u1_0.failed_login_attempts+1) 
    where
        u1_0.email=?
2026-06-05 11:50:16 [http-nio-8080-exec-9] INFO  o.s.s.a.AnnotationAsyncExecutionInterceptor - More than one TaskExecutor bean found within the context, and none is named 'taskExecutor'. Mark one of them as primary or name it 'taskExecutor' (possibly as an alias) in order to use it for async processing: [emailExecutor, notificationExecutor, taskScheduler]
2026-06-05 11:50:16 [http-nio-8080-exec-9] WARN  o.s.w.s.m.m.a.ExceptionHandlerExceptionResolver - Resolved [org.springframework.security.authentication.BadCredentialsException: Bad credentials]
2026-06-05 11:50:16 [SimpleAsyncTaskExecutor-1] DEBUG org.hibernate.SQL - 
    insert 
    into
        public.audit_logs
        (action, description, entity_id, entity_name, ip_address, new_values, old_values, performed_at, performed_by, user_agent) 
    values
        (?, ?, ?, ?, ?, ?, ?, ?, ?, ?) 
    returning id
2026-06-05 11:52:48 [File Watcher] INFO  o.s.b.d.a.LocalDevToolsAutoConfiguration$RestartingClassPathChangeChangedEventListener - Restarting due to 1 class path change (1 addition, 0 deletions, 0 modifications)
2026-06-05 11:52:49 [Thread-5] INFO  o.s.o.j.LocalContainerEntityManagerFactoryBean - Closing JPA EntityManagerFactory for persistence unit 'default'
2026-06-05 11:52:50 [Thread-5] INFO  com.zaxxer.hikari.HikariDataSource - UtilityBillingHikariPool - Shutdown initiated...
2026-06-05 11:52:50 [Thread-5] INFO  com.zaxxer.hikari.HikariDataSource - UtilityBillingHikariPool - Shutdown completed.
2026-06-05 11:52:56 [restartedMain] INFO  com.exam.utility.UtilityApplication - Starting UtilityApplication using Java 23.0.2 with PID 1876 (C:\Users\ernes\Downloads\utility\utility\target\classes started by ernes in C:\Users\ernes\Downloads\utility\utility)
2026-06-05 11:52:56 [restartedMain] DEBUG com.exam.utility.UtilityApplication - Running with Spring Boot v3.3.5, Spring v6.1.14
2026-06-05 11:52:56 [restartedMain] INFO  com.exam.utility.UtilityApplication - The following 1 profile is active: "dev"
2026-06-05 11:53:01 [restartedMain] INFO  o.s.d.r.c.RepositoryConfigurationDelegate - Bootstrapping Spring Data JPA repositories in DEFAULT mode.
2026-06-05 11:53:07 [restartedMain] INFO  o.s.d.r.c.RepositoryConfigurationDelegate - Finished Spring Data repository scanning in 5867 ms. Found 24 JPA repository interfaces.
2026-06-05 11:53:23 [restartedMain] INFO  o.s.b.w.e.tomcat.TomcatWebServer - Tomcat initialized with port 8080 (http)
2026-06-05 11:53:25 [restartedMain] INFO  o.s.b.w.s.c.ServletWebServerApplicationContext - Root WebApplicationContext: initialization completed in 28735 ms
2026-06-05 11:53:29 [restartedMain] INFO  com.zaxxer.hikari.HikariDataSource - UtilityBillingHikariPool - Starting...
2026-06-05 11:53:29 [restartedMain] INFO  com.zaxxer.hikari.pool.HikariPool - UtilityBillingHikariPool - Added connection org.postgresql.jdbc.PgConnection@61cd8100
2026-06-05 11:53:29 [restartedMain] INFO  com.zaxxer.hikari.HikariDataSource - UtilityBillingHikariPool - Start completed.
2026-06-05 11:53:29 [restartedMain] INFO  org.flywaydb.core.FlywayExecutor - Database: jdbc:postgresql://localhost:5432/utility_billing (PostgreSQL 10.23)
2026-06-05 11:53:29 [restartedMain] INFO  o.f.core.internal.command.DbValidate - Successfully validated 8 migrations (execution time 00:00.074s)
2026-06-05 11:53:29 [restartedMain] INFO  o.f.core.internal.command.DbMigrate - Current version of schema "public": 8
2026-06-05 11:53:29 [restartedMain] INFO  o.f.core.internal.command.DbMigrate - Schema "public" is up to date. No migration necessary.
2026-06-05 11:53:30 [restartedMain] INFO  o.h.jpa.internal.util.LogHelper - HHH000204: Processing PersistenceUnitInfo [name: default]
2026-06-05 11:53:30 [restartedMain] INFO  o.h.c.i.RegionFactoryInitiator - HHH000026: Second-level cache disabled
2026-06-05 11:53:30 [restartedMain] INFO  o.s.o.j.p.SpringPersistenceUnitInfo - No LoadTimeWeaver setup: ignoring JPA class transformer
2026-06-05 11:53:30 [restartedMain] WARN  org.hibernate.dialect.Dialect - HHH000511: The 10.23.0 version for [org.hibernate.dialect.PostgreSQLDialect] is no longer supported, hence certain features may not work properly. The minimum supported version is 12.0.0. Check the community dialects project for available legacy versions.
2026-06-05 11:53:30 [restartedMain] WARN  org.hibernate.orm.deprecation - HHH90000025: PostgreSQLDialect does not need to be specified explicitly using 'hibernate.dialect' (remove the property setting and it will be selected by default)
2026-06-05 11:53:34 [restartedMain] INFO  o.h.e.t.j.p.i.JtaPlatformInitiator - HHH000489: No JTA platform available (set 'hibernate.transaction.jta.platform' to enable JTA platform integration)
2026-06-05 11:53:34 [restartedMain] INFO  o.s.o.j.LocalContainerEntityManagerFactoryBean - Initialized JPA EntityManagerFactory for persistence unit 'default'
2026-06-05 11:53:34 [restartedMain] DEBUG c.e.u.s.JwtAuthenticationFilter - Filter 'jwtAuthenticationFilter' configured for use
2026-06-05 11:53:37 [restartedMain] INFO  o.s.s.c.a.a.c.InitializeAuthenticationProviderBeanManagerConfigurer$InitializeAuthenticationProviderManagerConfigurer - Global AuthenticationManager configured with AuthenticationProvider bean with name authenticationProvider
2026-06-05 11:53:37 [restartedMain] WARN  o.s.s.c.a.a.c.InitializeUserDetailsBeanManagerConfigurer$InitializeUserDetailsManagerConfigurer - Global AuthenticationManager configured with an AuthenticationProvider bean. UserDetailsService beans will not be used for username/password login. Consider removing the AuthenticationProvider bean. Alternatively, consider using the UserDetailsService in a manually instantiated DaoAuthenticationProvider.
2026-06-05 11:53:39 [restartedMain] INFO  o.s.b.a.e.web.EndpointLinksResolver - Exposing 4 endpoints beneath base path '/actuator'
2026-06-05 11:53:42 [restartedMain] INFO  o.s.b.d.a.OptionalLiveReloadServer - LiveReload server is running on port 35729
2026-06-05 11:53:42 [restartedMain] INFO  o.s.b.w.e.tomcat.TomcatWebServer - Tomcat started on port 8080 (http) with context path '/api/v1'
2026-06-05 11:53:42 [restartedMain] INFO  com.exam.utility.UtilityApplication - Started UtilityApplication in 48.947 seconds (process running for 553.697)
2026-06-05 11:53:42 [restartedMain] DEBUG org.hibernate.SQL - 
    select
        u1_0.id,
        u1_0.account_non_expired,
        u1_0.account_non_locked,
        u1_0.created_at,
        u1_0.created_by,
        u1_0.credentials_non_expired,
        u1_0.email,
        u1_0.enabled,
        u1_0.failed_login_attempts,
        u1_0.full_name,
        u1_0.last_login,
        u1_0.lock_time,
        u1_0.password,
        u1_0.phone_number,
        u1_0.updated_at,
        u1_0.updated_by 
    from
        public.users u1_0 
    where
        u1_0.email=?
2026-06-05 11:53:42 [SpringApplicationShutdownHook] INFO  o.s.o.j.LocalContainerEntityManagerFactoryBean - Closing JPA EntityManagerFactory for persistence unit 'default'
2026-06-05 11:53:42 [SpringApplicationShutdownHook] INFO  com.zaxxer.hikari.HikariDataSource - UtilityBillingHikariPool - Shutdown initiated...
2026-06-05 11:53:42 [SpringApplicationShutdownHook] INFO  com.zaxxer.hikari.HikariDataSource - UtilityBillingHikariPool - Shutdown completed.
2026-06-05 11:53:56 [restartedMain] INFO  com.exam.utility.UtilityApplication - Starting UtilityApplication using Java 23.0.2 with PID 18912 (C:\Users\ernes\Downloads\utility\utility\target\classes started by ernes in C:\Users\ernes\Downloads\utility\utility)
2026-06-05 11:53:56 [restartedMain] DEBUG com.exam.utility.UtilityApplication - Running with Spring Boot v3.3.5, Spring v6.1.14
2026-06-05 11:53:56 [restartedMain] INFO  com.exam.utility.UtilityApplication - The following 1 profile is active: "dev"
2026-06-05 11:53:56 [restartedMain] INFO  o.s.b.d.e.DevToolsPropertyDefaultsPostProcessor - Devtools property defaults active! Set 'spring.devtools.add-properties' to 'false' to disable
2026-06-05 11:53:56 [restartedMain] INFO  o.s.b.d.e.DevToolsPropertyDefaultsPostProcessor - For additional web related logging consider setting the 'logging.level.web' property to 'DEBUG'
2026-06-05 11:54:00 [restartedMain] INFO  o.s.d.r.c.RepositoryConfigurationDelegate - Bootstrapping Spring Data JPA repositories in DEFAULT mode.
2026-06-05 11:54:00 [restartedMain] INFO  o.s.d.r.c.RepositoryConfigurationDelegate - Finished Spring Data repository scanning in 269 ms. Found 24 JPA repository interfaces.
2026-06-05 11:54:02 [restartedMain] INFO  o.s.b.w.e.tomcat.TomcatWebServer - Tomcat initialized with port 8080 (http)
2026-06-05 11:54:02 [restartedMain] INFO  o.a.catalina.core.StandardService - Starting service [Tomcat]
2026-06-05 11:54:02 [restartedMain] INFO  o.a.catalina.core.StandardEngine - Starting Servlet engine: [Apache Tomcat/10.1.31]
2026-06-05 11:54:02 [restartedMain] INFO  o.a.c.c.C.[.[localhost].[/api/v1] - Initializing Spring embedded WebApplicationContext
2026-06-05 11:54:02 [restartedMain] INFO  o.s.b.w.s.c.ServletWebServerApplicationContext - Root WebApplicationContext: initialization completed in 6078 ms
2026-06-05 11:54:03 [restartedMain] INFO  com.zaxxer.hikari.HikariDataSource - UtilityBillingHikariPool - Starting...
2026-06-05 11:54:04 [restartedMain] INFO  com.zaxxer.hikari.pool.HikariPool - UtilityBillingHikariPool - Added connection org.postgresql.jdbc.PgConnection@6be9fc13
2026-06-05 11:54:04 [restartedMain] INFO  com.zaxxer.hikari.HikariDataSource - UtilityBillingHikariPool - Start completed.
2026-06-05 11:54:04 [restartedMain] INFO  org.flywaydb.core.FlywayExecutor - Database: jdbc:postgresql://localhost:5432/utility_billing (PostgreSQL 10.23)
2026-06-05 11:54:04 [restartedMain] INFO  o.f.core.internal.command.DbValidate - Successfully validated 8 migrations (execution time 00:00.061s)
2026-06-05 11:54:04 [restartedMain] INFO  o.f.core.internal.command.DbMigrate - Current version of schema "public": 8
2026-06-05 11:54:04 [restartedMain] INFO  o.f.core.internal.command.DbMigrate - Schema "public" is up to date. No migration necessary.
2026-06-05 11:54:04 [restartedMain] INFO  o.h.jpa.internal.util.LogHelper - HHH000204: Processing PersistenceUnitInfo [name: default]
2026-06-05 11:54:04 [restartedMain] INFO  org.hibernate.Version - HHH000412: Hibernate ORM core version 6.5.3.Final
2026-06-05 11:54:04 [restartedMain] INFO  o.h.c.i.RegionFactoryInitiator - HHH000026: Second-level cache disabled
2026-06-05 11:54:05 [restartedMain] INFO  o.s.o.j.p.SpringPersistenceUnitInfo - No LoadTimeWeaver setup: ignoring JPA class transformer
2026-06-05 11:54:05 [restartedMain] WARN  org.hibernate.dialect.Dialect - HHH000511: The 10.23.0 version for [org.hibernate.dialect.PostgreSQLDialect] is no longer supported, hence certain features may not work properly. The minimum supported version is 12.0.0. Check the community dialects project for available legacy versions.
2026-06-05 11:54:05 [restartedMain] WARN  org.hibernate.orm.deprecation - HHH90000025: PostgreSQLDialect does not need to be specified explicitly using 'hibernate.dialect' (remove the property setting and it will be selected by default)
2026-06-05 11:54:08 [restartedMain] INFO  o.h.e.t.j.p.i.JtaPlatformInitiator - HHH000489: No JTA platform available (set 'hibernate.transaction.jta.platform' to enable JTA platform integration)
2026-06-05 11:54:08 [restartedMain] INFO  o.s.o.j.LocalContainerEntityManagerFactoryBean - Initialized JPA EntityManagerFactory for persistence unit 'default'
2026-06-05 11:54:09 [restartedMain] INFO  o.s.d.j.r.query.QueryEnhancerFactory - Hibernate is in classpath; If applicable, HQL parser will be used.
2026-06-05 11:54:10 [restartedMain] DEBUG c.e.u.s.JwtAuthenticationFilter - Filter 'jwtAuthenticationFilter' configured for use
2026-06-05 11:54:11 [restartedMain] INFO  o.s.s.c.a.a.c.InitializeAuthenticationProviderBeanManagerConfigurer$InitializeAuthenticationProviderManagerConfigurer - Global AuthenticationManager configured with AuthenticationProvider bean with name authenticationProvider
2026-06-05 11:54:11 [restartedMain] WARN  o.s.s.c.a.a.c.InitializeUserDetailsBeanManagerConfigurer$InitializeUserDetailsManagerConfigurer - Global AuthenticationManager configured with an AuthenticationProvider bean. UserDetailsService beans will not be used for username/password login. Consider removing the AuthenticationProvider bean. Alternatively, consider using the UserDetailsService in a manually instantiated DaoAuthenticationProvider.
2026-06-05 11:54:13 [restartedMain] INFO  o.s.b.a.e.web.EndpointLinksResolver - Exposing 4 endpoints beneath base path '/actuator'
2026-06-05 11:54:16 [restartedMain] INFO  o.s.b.d.a.OptionalLiveReloadServer - LiveReload server is running on port 35729
2026-06-05 11:54:17 [restartedMain] INFO  o.s.b.w.e.tomcat.TomcatWebServer - Tomcat started on port 8080 (http) with context path '/api/v1'
2026-06-05 11:54:17 [restartedMain] INFO  com.exam.utility.UtilityApplication - Started UtilityApplication in 21.774 seconds (process running for 25.075)
2026-06-05 11:54:17 [restartedMain] DEBUG org.hibernate.SQL - 
    select
        u1_0.id,
        u1_0.account_non_expired,
        u1_0.account_non_locked,
        u1_0.created_at,
        u1_0.created_by,
        u1_0.credentials_non_expired,
        u1_0.email,
        u1_0.enabled,
        u1_0.failed_login_attempts,
        u1_0.full_name,
        u1_0.last_login,
        u1_0.lock_time,
        u1_0.password,
        u1_0.phone_number,
        u1_0.updated_at,
        u1_0.updated_by 
    from
        public.users u1_0 
    where
        u1_0.email=?
2026-06-05 11:54:17 [restartedMain] DEBUG org.hibernate.SQL - 
    select
        r1_0.user_id,
        r1_1.id,
        r1_1.created_at,
        r1_1.created_by,
        r1_1.description,
        r1_1.name,
        p1_0.role_id,
        p1_1.id,
        p1_1.created_at,
        p1_1.created_by,
        p1_1.description,
        p1_1.name,
        p1_1.updated_at,
        p1_1.updated_by,
        r1_1.updated_at,
        r1_1.updated_by 
    from
        public.user_roles r1_0 
    join
        public.roles r1_1 
            on r1_1.id=r1_0.role_id 
    left join
        public.role_permissions p1_0 
            on r1_1.id=p1_0.role_id 
    left join
        public.permissions p1_1 
            on p1_1.id=p1_0.permission_id 
    where
        r1_0.user_id=?
2026-06-05 11:54:18 [restartedMain] INFO  c.e.utility.config.DataInitializer - Admin password re-encoded and saved
2026-06-05 11:54:18 [restartedMain] DEBUG org.hibernate.SQL - 
    update
        public.users 
    set
        account_non_expired=?,
        account_non_locked=?,
        credentials_non_expired=?,
        email=?,
        enabled=?,
        failed_login_attempts=?,
        full_name=?,
        last_login=?,
        lock_time=?,
        password=?,
        phone_number=?,
        updated_at=?,
        updated_by=? 
    where
        id=?
2026-06-05 11:54:19 [RMI TCP Connection(3)-10.12.74.32] INFO  o.a.c.c.C.[.[localhost].[/api/v1] - Initializing Spring DispatcherServlet 'dispatcherServlet'
2026-06-05 11:54:19 [RMI TCP Connection(3)-10.12.74.32] INFO  o.s.web.servlet.DispatcherServlet - Initializing Servlet 'dispatcherServlet'
2026-06-05 11:54:19 [RMI TCP Connection(3)-10.12.74.32] INFO  o.s.web.servlet.DispatcherServlet - Completed initialization in 4 ms
2026-06-05 11:54:32 [http-nio-8080-exec-1] DEBUG org.hibernate.SQL - 
    select
        u1_0.id,
        u1_0.account_non_expired,
        u1_0.account_non_locked,
        u1_0.created_at,
        u1_0.created_by,
        u1_0.credentials_non_expired,
        u1_0.email,
        u1_0.enabled,
        u1_0.failed_login_attempts,
        u1_0.full_name,
        u1_0.last_login,
        u1_0.lock_time,
        u1_0.password,
        u1_0.phone_number,
        u1_0.updated_at,
        u1_0.updated_by 
    from
        public.users u1_0 
    where
        u1_0.email=?
2026-06-05 11:54:32 [http-nio-8080-exec-1] DEBUG org.hibernate.SQL - 
    select
        r1_0.user_id,
        r1_1.id,
        r1_1.created_at,
        r1_1.created_by,
        r1_1.description,
        r1_1.name,
        p1_0.role_id,
        p1_1.id,
        p1_1.created_at,
        p1_1.created_by,
        p1_1.description,
        p1_1.name,
        p1_1.updated_at,
        p1_1.updated_by,
        r1_1.updated_at,
        r1_1.updated_by 
    from
        public.user_roles r1_0 
    join
        public.roles r1_1 
            on r1_1.id=r1_0.role_id 
    left join
        public.role_permissions p1_0 
            on r1_1.id=p1_0.role_id 
    left join
        public.permissions p1_1 
            on p1_1.id=p1_0.permission_id 
    where
        r1_0.user_id=?
2026-06-05 11:54:36 [http-nio-8080-exec-1] DEBUG org.hibernate.SQL - 
    select
        u1_0.id,
        u1_0.account_non_expired,
        u1_0.account_non_locked,
        u1_0.created_at,
        u1_0.created_by,
        u1_0.credentials_non_expired,
        u1_0.email,
        u1_0.enabled,
        u1_0.failed_login_attempts,
        u1_0.full_name,
        u1_0.last_login,
        u1_0.lock_time,
        u1_0.password,
        u1_0.phone_number,
        u1_0.updated_at,
        u1_0.updated_by 
    from
        public.users u1_0 
    where
        u1_0.email=?
2026-06-05 11:54:37 [http-nio-8080-exec-1] DEBUG org.hibernate.SQL - 
    update
        public.users u1_0 
    set
        failed_login_attempts=0,
        account_non_locked=true,
        lock_time=null 
    where
        u1_0.email=?
2026-06-05 11:54:37 [http-nio-8080-exec-1] DEBUG org.hibernate.SQL - 
    update
        public.refresh_tokens rt1_0 
    set
        revoked=true 
    where
        rt1_0.user_id=?
2026-06-05 11:54:38 [http-nio-8080-exec-1] DEBUG org.hibernate.SQL - 
    insert 
    into
        public.refresh_tokens
        (expiry_date, ip_address, revoked, token, user_id, user_agent) 
    values
        (?, ?, ?, ?, ?, ?) 
    returning id
2026-06-05 11:54:38 [http-nio-8080-exec-1] INFO  o.s.s.a.AnnotationAsyncExecutionInterceptor - More than one TaskExecutor bean found within the context, and none is named 'taskExecutor'. Mark one of them as primary or name it 'taskExecutor' (possibly as an alias) in order to use it for async processing: [emailExecutor, notificationExecutor, taskScheduler]
2026-06-05 11:54:38 [http-nio-8080-exec-1] INFO  c.e.u.service.impl.AuthServiceImpl - User logged in: admin@wasac-reg.rw
2026-06-05 11:54:38 [http-nio-8080-exec-1] DEBUG org.hibernate.SQL - 
    update
        public.users 
    set
        account_non_expired=?,
        account_non_locked=?,
        credentials_non_expired=?,
        email=?,
        enabled=?,
        failed_login_attempts=?,
        full_name=?,
        last_login=?,
        lock_time=?,
        password=?,
        phone_number=?,
        updated_at=?,
        updated_by=? 
    where
        id=?
2026-06-05 11:54:38 [SimpleAsyncTaskExecutor-1] DEBUG org.hibernate.SQL - 
    insert 
    into
        public.audit_logs
        (action, description, entity_id, entity_name, ip_address, new_values, old_values, performed_at, performed_by, user_agent) 
    values
        (?, ?, ?, ?, ?, ?, ?, ?, ?, ?) 
    returning id
2026-06-05 11:55:59 [http-nio-8080-exec-4] DEBUG org.hibernate.SQL - 
    select
        u1_0.id,
        u1_0.account_non_expired,
        u1_0.account_non_locked,
        u1_0.created_at,
        u1_0.created_by,
        u1_0.credentials_non_expired,
        u1_0.email,
        u1_0.enabled,
        u1_0.failed_login_attempts,
        u1_0.full_name,
        u1_0.last_login,
        u1_0.lock_time,
        u1_0.password,
        u1_0.phone_number,
        u1_0.updated_at,
        u1_0.updated_by 
    from
        public.users u1_0 
    where
        u1_0.email=?
2026-06-05 11:55:59 [http-nio-8080-exec-4] DEBUG org.hibernate.SQL - 
    select
        r1_0.user_id,
        r1_1.id,
        r1_1.created_at,
        r1_1.created_by,
        r1_1.description,
        r1_1.name,
        p1_0.role_id,
        p1_1.id,
        p1_1.created_at,
        p1_1.created_by,
        p1_1.description,
        p1_1.name,
        p1_1.updated_at,
        p1_1.updated_by,
        r1_1.updated_at,
        r1_1.updated_by 
    from
        public.user_roles r1_0 
    join
        public.roles r1_1 
            on r1_1.id=r1_0.role_id 
    left join
        public.role_permissions p1_0 
            on r1_1.id=p1_0.role_id 
    left join
        public.permissions p1_1 
            on p1_1.id=p1_0.permission_id 
    where
        r1_0.user_id=?
2026-06-05 11:55:59 [http-nio-8080-exec-4] DEBUG c.e.u.s.JwtAuthenticationFilter - Authenticated user: admin@wasac-reg.rw
2026-06-05 11:56:01 [http-nio-8080-exec-4] DEBUG org.hibernate.SQL - 
    select
        c1_0.id 
    from
        public.customers c1_0 
    where
        c1_0.national_id=? 
    fetch
        first ? rows only
2026-06-05 11:56:01 [http-nio-8080-exec-4] DEBUG org.hibernate.SQL - 
    select
        c1_0.id 
    from
        public.customers c1_0 
    where
        c1_0.email=? 
    fetch
        first ? rows only
2026-06-05 11:56:01 [http-nio-8080-exec-4] DEBUG org.hibernate.SQL - 
    insert 
    into
        public.customers
        (address, created_at, created_by, district, email, full_name, national_id, phone_number, sector, status, updated_at, updated_by, user_id) 
    values
        (?, ?, ?, ?, ?, ?, ?, ?, ?, ?, ?, ?, ?) 
    returning id
2026-06-05 11:56:01 [http-nio-8080-exec-4] INFO  c.e.u.s.impl.CustomerServiceImpl - Customer created: Mugisha Clevis (ID: 1)
2026-06-05 11:56:01 [SimpleAsyncTaskExecutor-2] DEBUG org.hibernate.SQL - 
    insert 
    into
        public.audit_logs
        (action, description, entity_id, entity_name, ip_address, new_values, old_values, performed_at, performed_by, user_agent) 
    values
        (?, ?, ?, ?, ?, ?, ?, ?, ?, ?) 
    returning id
2026-06-05 12:01:33 [http-nio-8080-exec-6] DEBUG org.hibernate.SQL - 
    select
        u1_0.id,
        u1_0.account_non_expired,
        u1_0.account_non_locked,
        u1_0.created_at,
        u1_0.created_by,
        u1_0.credentials_non_expired,
        u1_0.email,
        u1_0.enabled,
        u1_0.failed_login_attempts,
        u1_0.full_name,
        u1_0.last_login,
        u1_0.lock_time,
        u1_0.password,
        u1_0.phone_number,
        u1_0.updated_at,
        u1_0.updated_by 
    from
        public.users u1_0 
    where
        u1_0.email=?
2026-06-05 12:01:33 [http-nio-8080-exec-6] DEBUG org.hibernate.SQL - 
    select
        r1_0.user_id,
        r1_1.id,
        r1_1.created_at,
        r1_1.created_by,
        r1_1.description,
        r1_1.name,
        p1_0.role_id,
        p1_1.id,
        p1_1.created_at,
        p1_1.created_by,
        p1_1.description,
        p1_1.name,
        p1_1.updated_at,
        p1_1.updated_by,
        r1_1.updated_at,
        r1_1.updated_by 
    from
        public.user_roles r1_0 
    join
        public.roles r1_1 
            on r1_1.id=r1_0.role_id 
    left join
        public.role_permissions p1_0 
            on r1_1.id=p1_0.role_id 
    left join
        public.permissions p1_1 
            on p1_1.id=p1_0.permission_id 
    where
        r1_0.user_id=?
2026-06-05 12:01:33 [http-nio-8080-exec-6] DEBUG c.e.u.s.JwtAuthenticationFilter - Authenticated user: admin@wasac-reg.rw
2026-06-05 12:01:34 [http-nio-8080-exec-6] DEBUG org.hibernate.SQL - 
    select
        t1_0.id,
        t1_0.active,
        t1_0.created_at,
        t1_0.created_by,
        t1_0.description,
        t1_0.effective_date,
        t1_0.expiry_date,
        t1_0.flat_rate,
        t1_0.name,
        t1_0.tariff_type,
        t1_0.updated_at,
        t1_0.updated_by,
        t1_0.utility_type 
    from
        public.tariffs t1_0 
    where
        t1_0.id=?
2026-06-05 12:01:34 [http-nio-8080-exec-6] WARN  c.e.u.e.GlobalExceptionHandler - Resource not found: Tariff not found with id: '0'
2026-06-05 12:01:34 [http-nio-8080-exec-6] WARN  o.s.w.s.m.m.a.ExceptionHandlerExceptionResolver - Resolved [com.exam.utility.exception.ResourceNotFoundException: Tariff not found with id: '0']
2026-06-05 12:02:10 [http-nio-8080-exec-8] DEBUG org.hibernate.SQL - 
    select
        u1_0.id,
        u1_0.account_non_expired,
        u1_0.account_non_locked,
        u1_0.created_at,
        u1_0.created_by,
        u1_0.credentials_non_expired,
        u1_0.email,
        u1_0.enabled,
        u1_0.failed_login_attempts,
        u1_0.full_name,
        u1_0.last_login,
        u1_0.lock_time,
        u1_0.password,
        u1_0.phone_number,
        u1_0.updated_at,
        u1_0.updated_by 
    from
        public.users u1_0 
    where
        u1_0.email=?
2026-06-05 12:02:10 [http-nio-8080-exec-8] DEBUG org.hibernate.SQL - 
    select
        r1_0.user_id,
        r1_1.id,
        r1_1.created_at,
        r1_1.created_by,
        r1_1.description,
        r1_1.name,
        p1_0.role_id,
        p1_1.id,
        p1_1.created_at,
        p1_1.created_by,
        p1_1.description,
        p1_1.name,
        p1_1.updated_at,
        p1_1.updated_by,
        r1_1.updated_at,
        r1_1.updated_by 
    from
        public.user_roles r1_0 
    join
        public.roles r1_1 
            on r1_1.id=r1_0.role_id 
    left join
        public.role_permissions p1_0 
            on r1_1.id=p1_0.role_id 
    left join
        public.permissions p1_1 
            on p1_1.id=p1_0.permission_id 
    where
        r1_0.user_id=?
2026-06-05 12:02:10 [http-nio-8080-exec-8] DEBUG c.e.u.s.JwtAuthenticationFilter - Authenticated user: admin@wasac-reg.rw
2026-06-05 12:02:11 [http-nio-8080-exec-8] DEBUG org.hibernate.SQL - 
    select
        t1_0.id,
        t1_0.active,
        t1_0.created_at,
        t1_0.created_by,
        t1_0.description,
        t1_0.effective_date,
        t1_0.expiry_date,
        t1_0.flat_rate,
        t1_0.name,
        t1_0.tariff_type,
        t1_0.updated_at,
        t1_0.updated_by,
        t1_0.utility_type 
    from
        public.tariffs t1_0 
    offset
        ? rows 
    fetch
        first ? rows only
2026-06-05 12:02:11 [http-nio-8080-exec-8] DEBUG org.hibernate.SQL - 
    select
        tv1_0.id,
        tv1_0.created_at,
        tv1_0.created_by,
        tv1_0.description,
        tv1_0.effective_date,
        tv1_0.expiry_date,
        tv1_0.max_units,
        tv1_0.min_units,
        tv1_0.rate_per_unit,
        tv1_0.tariff_id,
        tv1_0.tier_order,
        tv1_0.updated_at,
        tv1_0.updated_by 
    from
        public.tariff_versions tv1_0 
    where
        tv1_0.tariff_id=? 
    order by
        tv1_0.tier_order
2026-06-05 12:02:11 [http-nio-8080-exec-8] DEBUG org.hibernate.SQL - 
    select
        tv1_0.id,
        tv1_0.created_at,
        tv1_0.created_by,
        tv1_0.description,
        tv1_0.effective_date,
        tv1_0.expiry_date,
        tv1_0.max_units,
        tv1_0.min_units,
        tv1_0.rate_per_unit,
        tv1_0.tariff_id,
        tv1_0.tier_order,
        tv1_0.updated_at,
        tv1_0.updated_by 
    from
        public.tariff_versions tv1_0 
    where
        tv1_0.tariff_id=? 
    order by
        tv1_0.tier_order
2026-06-05 12:03:26 [http-nio-8080-exec-9] DEBUG org.hibernate.SQL - 
    select
        u1_0.id,
        u1_0.account_non_expired,
        u1_0.account_non_locked,
        u1_0.created_at,
        u1_0.created_by,
        u1_0.credentials_non_expired,
        u1_0.email,
        u1_0.enabled,
        u1_0.failed_login_attempts,
        u1_0.full_name,
        u1_0.last_login,
        u1_0.lock_time,
        u1_0.password,
        u1_0.phone_number,
        u1_0.updated_at,
        u1_0.updated_by 
    from
        public.users u1_0 
    where
        u1_0.email=?
2026-06-05 12:03:26 [http-nio-8080-exec-9] DEBUG org.hibernate.SQL - 
    select
        r1_0.user_id,
        r1_1.id,
        r1_1.created_at,
        r1_1.created_by,
        r1_1.description,
        r1_1.name,
        p1_0.role_id,
        p1_1.id,
        p1_1.created_at,
        p1_1.created_by,
        p1_1.description,
        p1_1.name,
        p1_1.updated_at,
        p1_1.updated_by,
        r1_1.updated_at,
        r1_1.updated_by 
    from
        public.user_roles r1_0 
    join
        public.roles r1_1 
            on r1_1.id=r1_0.role_id 
    left join
        public.role_permissions p1_0 
            on r1_1.id=p1_0.role_id 
    left join
        public.permissions p1_1 
            on p1_1.id=p1_0.permission_id 
    where
        r1_0.user_id=?
2026-06-05 12:03:26 [http-nio-8080-exec-9] DEBUG c.e.u.s.JwtAuthenticationFilter - Authenticated user: admin@wasac-reg.rw
2026-06-05 12:03:27 [http-nio-8080-exec-9] WARN  c.e.u.e.GlobalExceptionHandler - Validation failed: [Customer ID must be positive]
2026-06-05 12:03:27 [http-nio-8080-exec-9] WARN  o.s.w.s.m.m.a.ExceptionHandlerExceptionResolver - Resolved [org.springframework.web.bind.MethodArgumentNotValidException: Validation failed for argument [0] in public org.springframework.http.ResponseEntity<com.exam.utility.dto.response.ApiResponse<com.exam.utility.dto.response.meter.MeterResponse>> com.exam.utility.controller.MeterController.create(com.exam.utility.dto.request.meter.CreateMeterRequest): [Field error in object 'createMeterRequest' on field 'customerId': rejected value [0]; codes [Positive.createMeterRequest.customerId,Positive.customerId,Positive.java.lang.Long,Positive]; arguments [org.springframework.context.support.DefaultMessageSourceResolvable: codes [createMeterRequest.customerId,customerId]; arguments []; default message [customerId]]; default message [Customer ID must be positive]] ]
2026-06-05 12:03:53 [http-nio-8080-exec-10] DEBUG org.hibernate.SQL - 
    select
        u1_0.id,
        u1_0.account_non_expired,
        u1_0.account_non_locked,
        u1_0.created_at,
        u1_0.created_by,
        u1_0.credentials_non_expired,
        u1_0.email,
        u1_0.enabled,
        u1_0.failed_login_attempts,
        u1_0.full_name,
        u1_0.last_login,
        u1_0.lock_time,
        u1_0.password,
        u1_0.phone_number,
        u1_0.updated_at,
        u1_0.updated_by 
    from
        public.users u1_0 
    where
        u1_0.email=?
2026-06-05 12:03:53 [http-nio-8080-exec-10] DEBUG org.hibernate.SQL - 
    select
        r1_0.user_id,
        r1_1.id,
        r1_1.created_at,
        r1_1.created_by,
        r1_1.description,
        r1_1.name,
        p1_0.role_id,
        p1_1.id,
        p1_1.created_at,
        p1_1.created_by,
        p1_1.description,
        p1_1.name,
        p1_1.updated_at,
        p1_1.updated_by,
        r1_1.updated_at,
        r1_1.updated_by 
    from
        public.user_roles r1_0 
    join
        public.roles r1_1 
            on r1_1.id=r1_0.role_id 
    left join
        public.role_permissions p1_0 
            on r1_1.id=p1_0.role_id 
    left join
        public.permissions p1_1 
            on p1_1.id=p1_0.permission_id 
    where
        r1_0.user_id=?
2026-06-05 12:03:53 [http-nio-8080-exec-10] DEBUG c.e.u.s.JwtAuthenticationFilter - Authenticated user: admin@wasac-reg.rw
2026-06-05 12:03:53 [http-nio-8080-exec-10] DEBUG org.hibernate.SQL - 
    select
        m1_0.id 
    from
        public.meters m1_0 
    where
        m1_0.meter_number=? 
    fetch
        first ? rows only
2026-06-05 12:03:53 [http-nio-8080-exec-10] DEBUG org.hibernate.SQL - 
    select
        c1_0.id,
        c1_0.address,
        c1_0.created_at,
        c1_0.created_by,
        c1_0.district,
        c1_0.email,
        c1_0.full_name,
        c1_0.national_id,
        c1_0.phone_number,
        c1_0.sector,
        c1_0.status,
        c1_0.updated_at,
        c1_0.updated_by,
        c1_0.user_id 
    from
        public.customers c1_0 
    where
        c1_0.id=?
2026-06-05 12:03:53 [http-nio-8080-exec-10] DEBUG org.hibernate.SQL - 
    select
        t1_0.id,
        t1_0.active,
        t1_0.created_at,
        t1_0.created_by,
        t1_0.description,
        t1_0.effective_date,
        t1_0.expiry_date,
        t1_0.flat_rate,
        t1_0.name,
        t1_0.tariff_type,
        t1_0.updated_at,
        t1_0.updated_by,
        t1_0.utility_type 
    from
        public.tariffs t1_0 
    where
        t1_0.id=?
2026-06-05 12:03:53 [http-nio-8080-exec-10] DEBUG org.hibernate.SQL - 
    insert 
    into
        public.meters
        (created_at, created_by, customer_id, initial_reading, installation_date, location, meter_number, meter_type, status, tariff_id, updated_at, updated_by) 
    values
        (?, ?, ?, ?, ?, ?, ?, ?, ?, ?, ?, ?) 
    returning id
2026-06-05 12:03:53 [SimpleAsyncTaskExecutor-3] DEBUG org.hibernate.SQL - 
    insert 
    into
        public.audit_logs
        (action, description, entity_id, entity_name, ip_address, new_values, old_values, performed_at, performed_by, user_agent) 
    values
        (?, ?, ?, ?, ?, ?, ?, ?, ?, ?) 
    returning id
2026-06-05 12:04:44 [http-nio-8080-exec-1] DEBUG org.hibernate.SQL - 
    select
        u1_0.id,
        u1_0.account_non_expired,
        u1_0.account_non_locked,
        u1_0.created_at,
        u1_0.created_by,
        u1_0.credentials_non_expired,
        u1_0.email,
        u1_0.enabled,
        u1_0.failed_login_attempts,
        u1_0.full_name,
        u1_0.last_login,
        u1_0.lock_time,
        u1_0.password,
        u1_0.phone_number,
        u1_0.updated_at,
        u1_0.updated_by 
    from
        public.users u1_0 
    where
        u1_0.email=?
2026-06-05 12:04:44 [http-nio-8080-exec-1] DEBUG org.hibernate.SQL - 
    select
        r1_0.user_id,
        r1_1.id,
        r1_1.created_at,
        r1_1.created_by,
        r1_1.description,
        r1_1.name,
        p1_0.role_id,
        p1_1.id,
        p1_1.created_at,
        p1_1.created_by,
        p1_1.description,
        p1_1.name,
        p1_1.updated_at,
        p1_1.updated_by,
        r1_1.updated_at,
        r1_1.updated_by 
    from
        public.user_roles r1_0 
    join
        public.roles r1_1 
            on r1_1.id=r1_0.role_id 
    left join
        public.role_permissions p1_0 
            on r1_1.id=p1_0.role_id 
    left join
        public.permissions p1_1 
            on p1_1.id=p1_0.permission_id 
    where
        r1_0.user_id=?
2026-06-05 12:04:44 [http-nio-8080-exec-1] DEBUG c.e.u.s.JwtAuthenticationFilter - Authenticated user: admin@wasac-reg.rw
2026-06-05 12:04:44 [http-nio-8080-exec-1] DEBUG org.hibernate.SQL - 
    select
        m1_0.id,
        m1_0.created_at,
        m1_0.created_by,
        m1_0.customer_id,
        m1_0.initial_reading,
        m1_0.installation_date,
        m1_0.location,
        m1_0.meter_number,
        m1_0.meter_type,
        m1_0.status,
        m1_0.tariff_id,
        m1_0.updated_at,
        m1_0.updated_by 
    from
        public.meters m1_0 
    where
        m1_0.id=?
2026-06-05 12:04:45 [http-nio-8080-exec-1] DEBUG org.hibernate.SQL - 
    select
        mr1_0.id 
    from
        public.meter_readings mr1_0 
    where
        mr1_0.meter_id=? 
        and mr1_0.reading_year=? 
        and mr1_0.reading_month=? 
    fetch
        first ? rows only
2026-06-05 12:04:45 [http-nio-8080-exec-1] DEBUG org.hibernate.SQL - 
    insert 
    into
        public.meter_readings
        (consumption, created_at, created_by, current_reading, meter_id, notes, previous_reading, reading_date, reading_image_path, reading_month, reading_year, updated_at, updated_by) 
    values
        (?, ?, ?, ?, ?, ?, ?, ?, ?, ?, ?, ?, ?) 
    returning id
2026-06-05 12:04:45 [SimpleAsyncTaskExecutor-4] DEBUG org.hibernate.SQL - 
    insert 
    into
        public.audit_logs
        (action, description, entity_id, entity_name, ip_address, new_values, old_values, performed_at, performed_by, user_agent) 
    values
        (?, ?, ?, ?, ?, ?, ?, ?, ?, ?) 
    returning id
2026-06-05 12:04:45 [http-nio-8080-exec-1] DEBUG org.hibernate.SQL - 
    select
        c1_0.id,
        c1_0.address,
        c1_0.created_at,
        c1_0.created_by,
        c1_0.district,
        c1_0.email,
        c1_0.full_name,
        c1_0.national_id,
        c1_0.phone_number,
        c1_0.sector,
        c1_0.status,
        c1_0.updated_at,
        c1_0.updated_by,
        c1_0.user_id 
    from
        public.customers c1_0 
    where
        c1_0.id=?
2026-06-05 12:05:18 [http-nio-8080-exec-2] DEBUG org.hibernate.SQL - 
    select
        u1_0.id,
        u1_0.account_non_expired,
        u1_0.account_non_locked,
        u1_0.created_at,
        u1_0.created_by,
        u1_0.credentials_non_expired,
        u1_0.email,
        u1_0.enabled,
        u1_0.failed_login_attempts,
        u1_0.full_name,
        u1_0.last_login,
        u1_0.lock_time,
        u1_0.password,
        u1_0.phone_number,
        u1_0.updated_at,
        u1_0.updated_by 
    from
        public.users u1_0 
    where
        u1_0.email=?
2026-06-05 12:05:18 [http-nio-8080-exec-2] DEBUG org.hibernate.SQL - 
    select
        r1_0.user_id,
        r1_1.id,
        r1_1.created_at,
        r1_1.created_by,
        r1_1.description,
        r1_1.name,
        p1_0.role_id,
        p1_1.id,
        p1_1.created_at,
        p1_1.created_by,
        p1_1.description,
        p1_1.name,
        p1_1.updated_at,
        p1_1.updated_by,
        r1_1.updated_at,
        r1_1.updated_by 
    from
        public.user_roles r1_0 
    join
        public.roles r1_1 
            on r1_1.id=r1_0.role_id 
    left join
        public.role_permissions p1_0 
            on r1_1.id=p1_0.role_id 
    left join
        public.permissions p1_1 
            on p1_1.id=p1_0.permission_id 
    where
        r1_0.user_id=?
2026-06-05 12:05:18 [http-nio-8080-exec-2] DEBUG c.e.u.s.JwtAuthenticationFilter - Authenticated user: admin@wasac-reg.rw
2026-06-05 12:05:19 [http-nio-8080-exec-2] WARN  c.e.u.e.GlobalExceptionHandler - Validation failed: [Billing month is required, Billing year is required]
2026-06-05 12:05:19 [http-nio-8080-exec-2] WARN  o.s.w.s.m.m.a.ExceptionHandlerExceptionResolver - Resolved [org.springframework.web.bind.MethodArgumentNotValidException: Validation failed for argument [0] in public org.springframework.http.ResponseEntity<com.exam.utility.dto.response.ApiResponse<java.util.List<com.exam.utility.dto.response.billing.BillResponse>>> com.exam.utility.controller.BillingController.generateBills(com.exam.utility.dto.request.billing.GenerateBillsRequest) with 2 errors: [Field error in object 'generateBillsRequest' on field 'billingMonth': rejected value [null]; codes [NotNull.generateBillsRequest.billingMonth,NotNull.billingMonth,NotNull.java.lang.Integer,NotNull]; arguments [org.springframework.context.support.DefaultMessageSourceResolvable: codes [generateBillsRequest.billingMonth,billingMonth]; arguments []; default message [billingMonth]]; default message [Billing month is required]] [Field error in object 'generateBillsRequest' on field 'billingYear': rejected value [null]; codes [NotNull.generateBillsRequest.billingYear,NotNull.billingYear,NotNull.java.lang.Integer,NotNull]; arguments [org.springframework.context.support.DefaultMessageSourceResolvable: codes [generateBillsRequest.billingYear,billingYear]; arguments []; default message [billingYear]]; default message [Billing year is required]] ]
2026-06-05 12:05:44 [http-nio-8080-exec-4] DEBUG org.hibernate.SQL - 
    select
        u1_0.id,
        u1_0.account_non_expired,
        u1_0.account_non_locked,
        u1_0.created_at,
        u1_0.created_by,
        u1_0.credentials_non_expired,
        u1_0.email,
        u1_0.enabled,
        u1_0.failed_login_attempts,
        u1_0.full_name,
        u1_0.last_login,
        u1_0.lock_time,
        u1_0.password,
        u1_0.phone_number,
        u1_0.updated_at,
        u1_0.updated_by 
    from
        public.users u1_0 
    where
        u1_0.email=?
2026-06-05 12:05:44 [http-nio-8080-exec-4] DEBUG org.hibernate.SQL - 
    select
        r1_0.user_id,
        r1_1.id,
        r1_1.created_at,
        r1_1.created_by,
        r1_1.description,
        r1_1.name,
        p1_0.role_id,
        p1_1.id,
        p1_1.created_at,
        p1_1.created_by,
        p1_1.description,
        p1_1.name,
        p1_1.updated_at,
        p1_1.updated_by,
        r1_1.updated_at,
        r1_1.updated_by 
    from
        public.user_roles r1_0 
    join
        public.roles r1_1 
            on r1_1.id=r1_0.role_id 
    left join
        public.role_permissions p1_0 
            on r1_1.id=p1_0.role_id 
    left join
        public.permissions p1_1 
            on p1_1.id=p1_0.permission_id 
    where
        r1_0.user_id=?
2026-06-05 12:05:44 [http-nio-8080-exec-4] DEBUG c.e.u.s.JwtAuthenticationFilter - Authenticated user: admin@wasac-reg.rw
2026-06-05 12:05:44 [http-nio-8080-exec-4] WARN  c.e.u.e.GlobalExceptionHandler - Validation failed: [Billing year is required, Billing month is required]
2026-06-05 12:05:44 [http-nio-8080-exec-4] WARN  o.s.w.s.m.m.a.ExceptionHandlerExceptionResolver - Resolved [org.springframework.web.bind.MethodArgumentNotValidException: Validation failed for argument [0] in public org.springframework.http.ResponseEntity<com.exam.utility.dto.response.ApiResponse<java.util.List<com.exam.utility.dto.response.billing.BillResponse>>> com.exam.utility.controller.BillingController.generateBills(com.exam.utility.dto.request.billing.GenerateBillsRequest) with 2 errors: [Field error in object 'generateBillsRequest' on field 'billingYear': rejected value [null]; codes [NotNull.generateBillsRequest.billingYear,NotNull.billingYear,NotNull.java.lang.Integer,NotNull]; arguments [org.springframework.context.support.DefaultMessageSourceResolvable: codes [generateBillsRequest.billingYear,billingYear]; arguments []; default message [billingYear]]; default message [Billing year is required]] [Field error in object 'generateBillsRequest' on field 'billingMonth': rejected value [null]; codes [NotNull.generateBillsRequest.billingMonth,NotNull.billingMonth,NotNull.java.lang.Integer,NotNull]; arguments [org.springframework.context.support.DefaultMessageSourceResolvable: codes [generateBillsRequest.billingMonth,billingMonth]; arguments []; default message [billingMonth]]; default message [Billing month is required]] ]
2026-06-05 12:06:30 [http-nio-8080-exec-3] DEBUG org.hibernate.SQL - 
    select
        u1_0.id,
        u1_0.account_non_expired,
        u1_0.account_non_locked,
        u1_0.created_at,
        u1_0.created_by,
        u1_0.credentials_non_expired,
        u1_0.email,
        u1_0.enabled,
        u1_0.failed_login_attempts,
        u1_0.full_name,
        u1_0.last_login,
        u1_0.lock_time,
        u1_0.password,
        u1_0.phone_number,
        u1_0.updated_at,
        u1_0.updated_by 
    from
        public.users u1_0 
    where
        u1_0.email=?
2026-06-05 12:06:30 [http-nio-8080-exec-3] DEBUG org.hibernate.SQL - 
    select
        r1_0.user_id,
        r1_1.id,
        r1_1.created_at,
        r1_1.created_by,
        r1_1.description,
        r1_1.name,
        p1_0.role_id,
        p1_1.id,
        p1_1.created_at,
        p1_1.created_by,
        p1_1.description,
        p1_1.name,
        p1_1.updated_at,
        p1_1.updated_by,
        r1_1.updated_at,
        r1_1.updated_by 
    from
        public.user_roles r1_0 
    join
        public.roles r1_1 
            on r1_1.id=r1_0.role_id 
    left join
        public.role_permissions p1_0 
            on r1_1.id=p1_0.role_id 
    left join
        public.permissions p1_1 
            on p1_1.id=p1_0.permission_id 
    where
        r1_0.user_id=?
2026-06-05 12:06:30 [http-nio-8080-exec-3] DEBUG c.e.u.s.JwtAuthenticationFilter - Authenticated user: admin@wasac-reg.rw
2026-06-05 12:06:30 [http-nio-8080-exec-3] ERROR c.e.u.e.GlobalExceptionHandler - Unexpected error: JSON parse error: Unexpected character ('}' (code 125)): was expecting double-quote to start field name
org.springframework.http.converter.HttpMessageNotReadableException: JSON parse error: Unexpected character ('}' (code 125)): was expecting double-quote to start field name
	at org.springframework.http.converter.json.AbstractJackson2HttpMessageConverter.readJavaType(AbstractJackson2HttpMessageConverter.java:406)
	at org.springframework.http.converter.json.AbstractJackson2HttpMessageConverter.read(AbstractJackson2HttpMessageConverter.java:354)
	at org.springframework.web.servlet.mvc.method.annotation.AbstractMessageConverterMethodArgumentResolver.readWithMessageConverters(AbstractMessageConverterMethodArgumentResolver.java:184)
	at org.springframework.web.servlet.mvc.method.annotation.RequestResponseBodyMethodProcessor.readWithMessageConverters(RequestResponseBodyMethodProcessor.java:161)
	at org.springframework.web.servlet.mvc.method.annotation.RequestResponseBodyMethodProcessor.resolveArgument(RequestResponseBodyMethodProcessor.java:135)
	at org.springframework.web.method.support.HandlerMethodArgumentResolverComposite.resolveArgument(HandlerMethodArgumentResolverComposite.java:122)
	at org.springframework.web.method.support.InvocableHandlerMethod.getMethodArgumentValues(InvocableHandlerMethod.java:224)
	at org.springframework.web.method.support.InvocableHandlerMethod.invokeForRequest(InvocableHandlerMethod.java:178)
	at org.springframework.web.servlet.mvc.method.annotation.ServletInvocableHandlerMethod.invokeAndHandle(ServletInvocableHandlerMethod.java:118)
	at org.springframework.web.servlet.mvc.method.annotation.RequestMappingHandlerAdapter.invokeHandlerMethod(RequestMappingHandlerAdapter.java:926)
	at org.springframework.web.servlet.mvc.method.annotation.RequestMappingHandlerAdapter.handleInternal(RequestMappingHandlerAdapter.java:831)
	at org.springframework.web.servlet.mvc.method.AbstractHandlerMethodAdapter.handle(AbstractHandlerMethodAdapter.java:87)
	at org.springframework.web.servlet.DispatcherServlet.doDispatch(DispatcherServlet.java:1089)
	at org.springframework.web.servlet.DispatcherServlet.doService(DispatcherServlet.java:979)
	at org.springframework.web.servlet.FrameworkServlet.processRequest(FrameworkServlet.java:1014)
	at org.springframework.web.servlet.FrameworkServlet.doPost(FrameworkServlet.java:914)
	at jakarta.servlet.http.HttpServlet.service(HttpServlet.java:590)
	at org.springframework.web.servlet.FrameworkServlet.service(FrameworkServlet.java:885)
	at jakarta.servlet.http.HttpServlet.service(HttpServlet.java:658)
	at org.apache.catalina.core.ApplicationFilterChain.internalDoFilter(ApplicationFilterChain.java:195)
	at org.apache.catalina.core.ApplicationFilterChain.doFilter(ApplicationFilterChain.java:140)
	at org.apache.tomcat.websocket.server.WsFilter.doFilter(WsFilter.java:51)
	at org.apache.catalina.core.ApplicationFilterChain.internalDoFilter(ApplicationFilterChain.java:164)
	at org.apache.catalina.core.ApplicationFilterChain.doFilter(ApplicationFilterChain.java:140)
	at org.springframework.web.filter.OncePerRequestFilter.doFilter(OncePerRequestFilter.java:110)
	at org.apache.catalina.core.ApplicationFilterChain.internalDoFilter(ApplicationFilterChain.java:164)
	at org.apache.catalina.core.ApplicationFilterChain.doFilter(ApplicationFilterChain.java:140)
	at org.springframework.web.filter.CompositeFilter$VirtualFilterChain.doFilter(CompositeFilter.java:108)
	at org.springframework.security.web.FilterChainProxy.lambda$doFilterInternal$3(FilterChainProxy.java:231)
	at org.springframework.security.web.ObservationFilterChainDecorator$FilterObservation$SimpleFilterObservation.lambda$wrap$1(ObservationFilterChainDecorator.java:479)
	at org.springframework.security.web.ObservationFilterChainDecorator$AroundFilterObservation$SimpleAroundFilterObservation.lambda$wrap$1(ObservationFilterChainDecorator.java:340)
	at org.springframework.security.web.ObservationFilterChainDecorator.lambda$wrapSecured$0(ObservationFilterChainDecorator.java:82)
	at org.springframework.security.web.ObservationFilterChainDecorator$VirtualFilterChain.doFilter(ObservationFilterChainDecorator.java:128)
	at org.springframework.security.web.access.intercept.AuthorizationFilter.doFilter(AuthorizationFilter.java:100)
	at org.springframework.security.web.ObservationFilterChainDecorator$ObservationFilter.wrapFilter(ObservationFilterChainDecorator.java:240)
	at org.springframework.security.web.ObservationFilterChainDecorator$ObservationFilter.doFilter(ObservationFilterChainDecorator.java:227)
	at org.springframework.security.web.ObservationFilterChainDecorator$VirtualFilterChain.doFilter(ObservationFilterChainDecorator.java:137)
	at org.springframework.security.web.access.ExceptionTranslationFilter.doFilter(ExceptionTranslationFilter.java:126)
	at org.springframework.security.web.access.ExceptionTranslationFilter.doFilter(ExceptionTranslationFilter.java:120)
	at org.springframework.security.web.ObservationFilterChainDecorator$ObservationFilter.wrapFilter(ObservationFilterChainDecorator.java:240)
	at org.springframework.security.web.ObservationFilterChainDecorator$ObservationFilter.doFilter(ObservationFilterChainDecorator.java:227)
	at org.springframework.security.web.ObservationFilterChainDecorator$VirtualFilterChain.doFilter(ObservationFilterChainDecorator.java:137)
	at org.springframework.security.web.session.SessionManagementFilter.doFilter(SessionManagementFilter.java:131)
	at org.springframework.security.web.session.SessionManagementFilter.doFilter(SessionManagementFilter.java:85)
	at org.springframework.security.web.ObservationFilterChainDecorator$ObservationFilter.wrapFilter(ObservationFilterChainDecorator.java:240)
	at org.springframework.security.web.ObservationFilterChainDecorator$ObservationFilter.doFilter(ObservationFilterChainDecorator.java:227)
	at org.springframework.security.web.ObservationFilterChainDecorator$VirtualFilterChain.doFilter(ObservationFilterChainDecorator.java:137)
	at org.springframework.security.web.authentication.AnonymousAuthenticationFilter.doFilter(AnonymousAuthenticationFilter.java:100)
	at org.springframework.security.web.ObservationFilterChainDecorator$ObservationFilter.wrapFilter(ObservationFilterChainDecorator.java:240)
	at org.springframework.security.web.ObservationFilterChainDecorator$ObservationFilter.doFilter(ObservationFilterChainDecorator.java:227)
	at org.springframework.security.web.ObservationFilterChainDecorator$VirtualFilterChain.doFilter(ObservationFilterChainDecorator.java:137)
	at org.springframework.security.web.servletapi.SecurityContextHolderAwareRequestFilter.doFilter(SecurityContextHolderAwareRequestFilter.java:179)
	at org.springframework.security.web.ObservationFilterChainDecorator$ObservationFilter.wrapFilter(ObservationFilterChainDecorator.java:240)
	at org.springframework.security.web.ObservationFilterChainDecorator$ObservationFilter.doFilter(ObservationFilterChainDecorator.java:227)
	at org.springframework.security.web.ObservationFilterChainDecorator$VirtualFilterChain.doFilter(ObservationFilterChainDecorator.java:137)
	at org.springframework.security.web.savedrequest.RequestCacheAwareFilter.doFilter(RequestCacheAwareFilter.java:63)
	at org.springframework.security.web.ObservationFilterChainDecorator$ObservationFilter.wrapFilter(ObservationFilterChainDecorator.java:240)
	at org.springframework.security.web.ObservationFilterChainDecorator$ObservationFilter.doFilter(ObservationFilterChainDecorator.java:227)
	at org.springframework.security.web.ObservationFilterChainDecorator$VirtualFilterChain.doFilter(ObservationFilterChainDecorator.java:137)
	at com.exam.utility.security.JwtAuthenticationFilter.doFilterInternal(JwtAuthenticationFilter.java:67)
	at org.springframework.web.filter.OncePerRequestFilter.doFilter(OncePerRequestFilter.java:116)
	at org.springframework.security.web.ObservationFilterChainDecorator$ObservationFilter.wrapFilter(ObservationFilterChainDecorator.java:240)
	at org.springframework.security.web.ObservationFilterChainDecorator$ObservationFilter.doFilter(ObservationFilterChainDecorator.java:227)
	at org.springframework.security.web.ObservationFilterChainDecorator$VirtualFilterChain.doFilter(ObservationFilterChainDecorator.java:137)
	at org.springframework.security.web.authentication.logout.LogoutFilter.doFilter(LogoutFilter.java:107)
	at org.springframework.security.web.authentication.logout.LogoutFilter.doFilter(LogoutFilter.java:93)
	at org.springframework.security.web.ObservationFilterChainDecorator$ObservationFilter.wrapFilter(ObservationFilterChainDecorator.java:240)
	at org.springframework.security.web.ObservationFilterChainDecorator$ObservationFilter.doFilter(ObservationFilterChainDecorator.java:227)
	at org.springframework.security.web.ObservationFilterChainDecorator$VirtualFilterChain.doFilter(ObservationFilterChainDecorator.java:137)
	at org.springframework.web.filter.CorsFilter.doFilterInternal(CorsFilter.java:91)
	at org.springframework.web.filter.OncePerRequestFilter.doFilter(OncePerRequestFilter.java:116)
	at org.springframework.security.web.ObservationFilterChainDecorator$ObservationFilter.wrapFilter(ObservationFilterChainDecorator.java:240)
	at org.springframework.security.web.ObservationFilterChainDecorator$ObservationFilter.doFilter(ObservationFilterChainDecorator.java:227)
	at org.springframework.security.web.ObservationFilterChainDecorator$VirtualFilterChain.doFilter(ObservationFilterChainDecorator.java:137)
	at org.springframework.security.web.header.HeaderWriterFilter.doHeadersAfter(HeaderWriterFilter.java:90)
	at org.springframework.security.web.header.HeaderWriterFilter.doFilterInternal(HeaderWriterFilter.java:75)
	at org.springframework.web.filter.OncePerRequestFilter.doFilter(OncePerRequestFilter.java:116)
	at org.springframework.security.web.ObservationFilterChainDecorator$ObservationFilter.wrapFilter(ObservationFilterChainDecorator.java:240)
	at org.springframework.security.web.ObservationFilterChainDecorator$ObservationFilter.doFilter(ObservationFilterChainDecorator.java:227)
	at org.springframework.security.web.ObservationFilterChainDecorator$VirtualFilterChain.doFilter(ObservationFilterChainDecorator.java:137)
	at org.springframework.security.web.context.SecurityContextHolderFilter.doFilter(SecurityContextHolderFilter.java:82)
	at org.springframework.security.web.context.SecurityContextHolderFilter.doFilter(SecurityContextHolderFilter.java:69)
	at org.springframework.security.web.ObservationFilterChainDecorator$ObservationFilter.wrapFilter(ObservationFilterChainDecorator.java:240)
	at org.springframework.security.web.ObservationFilterChainDecorator$ObservationFilter.doFilter(ObservationFilterChainDecorator.java:227)
	at org.springframework.security.web.ObservationFilterChainDecorator$VirtualFilterChain.doFilter(ObservationFilterChainDecorator.java:137)
	at org.springframework.security.web.context.request.async.WebAsyncManagerIntegrationFilter.doFilterInternal(WebAsyncManagerIntegrationFilter.java:62)
	at org.springframework.web.filter.OncePerRequestFilter.doFilter(OncePerRequestFilter.java:116)
	at org.springframework.security.web.ObservationFilterChainDecorator$ObservationFilter.wrapFilter(ObservationFilterChainDecorator.java:240)
	at org.springframework.security.web.ObservationFilterChainDecorator$ObservationFilter.doFilter(ObservationFilterChainDecorator.java:227)
	at org.springframework.security.web.ObservationFilterChainDecorator$VirtualFilterChain.doFilter(ObservationFilterChainDecorator.java:137)
	at org.springframework.security.web.session.DisableEncodeUrlFilter.doFilterInternal(DisableEncodeUrlFilter.java:42)
	at org.springframework.web.filter.OncePerRequestFilter.doFilter(OncePerRequestFilter.java:116)
	at org.springframework.security.web.ObservationFilterChainDecorator$ObservationFilter.wrapFilter(ObservationFilterChainDecorator.java:240)
	at org.springframework.security.web.ObservationFilterChainDecorator$AroundFilterObservation$SimpleAroundFilterObservation.lambda$wrap$0(ObservationFilterChainDecorator.java:323)
	at org.springframework.security.web.ObservationFilterChainDecorator$ObservationFilter.doFilter(ObservationFilterChainDecorator.java:224)
	at org.springframework.security.web.ObservationFilterChainDecorator$VirtualFilterChain.doFilter(ObservationFilterChainDecorator.java:137)
	at org.springframework.security.web.FilterChainProxy.doFilterInternal(FilterChainProxy.java:233)
	at org.springframework.security.web.FilterChainProxy.doFilter(FilterChainProxy.java:191)
	at org.springframework.web.filter.CompositeFilter$VirtualFilterChain.doFilter(CompositeFilter.java:113)
	at org.springframework.web.servlet.handler.HandlerMappingIntrospector.lambda$createCacheFilter$3(HandlerMappingIntrospector.java:195)
	at org.springframework.web.filter.CompositeFilter$VirtualFilterChain.doFilter(CompositeFilter.java:113)
	at org.springframework.web.filter.CompositeFilter.doFilter(CompositeFilter.java:74)
	at org.springframework.security.config.annotation.web.configuration.WebMvcSecurityConfiguration$CompositeFilterChainProxy.doFilter(WebMvcSecurityConfiguration.java:230)
	at org.springframework.web.filter.DelegatingFilterProxy.invokeDelegate(DelegatingFilterProxy.java:362)
	at org.springframework.web.filter.DelegatingFilterProxy.doFilter(DelegatingFilterProxy.java:278)
	at org.apache.catalina.core.ApplicationFilterChain.internalDoFilter(ApplicationFilterChain.java:164)
	at org.apache.catalina.core.ApplicationFilterChain.doFilter(ApplicationFilterChain.java:140)
	at org.springframework.web.filter.RequestContextFilter.doFilterInternal(RequestContextFilter.java:100)
	at org.springframework.web.filter.OncePerRequestFilter.doFilter(OncePerRequestFilter.java:116)
	at org.apache.catalina.core.ApplicationFilterChain.internalDoFilter(ApplicationFilterChain.java:164)
	at org.apache.catalina.core.ApplicationFilterChain.doFilter(ApplicationFilterChain.java:140)
	at org.springframework.web.filter.FormContentFilter.doFilterInternal(FormContentFilter.java:93)
	at org.springframework.web.filter.OncePerRequestFilter.doFilter(OncePerRequestFilter.java:116)
	at org.apache.catalina.core.ApplicationFilterChain.internalDoFilter(ApplicationFilterChain.java:164)
	at org.apache.catalina.core.ApplicationFilterChain.doFilter(ApplicationFilterChain.java:140)
	at org.springframework.web.filter.ServerHttpObservationFilter.doFilterInternal(ServerHttpObservationFilter.java:113)
	at org.springframework.web.filter.OncePerRequestFilter.doFilter(OncePerRequestFilter.java:116)
	at org.apache.catalina.core.ApplicationFilterChain.internalDoFilter(ApplicationFilterChain.java:164)
	at org.apache.catalina.core.ApplicationFilterChain.doFilter(ApplicationFilterChain.java:140)
	at org.springframework.web.filter.CharacterEncodingFilter.doFilterInternal(CharacterEncodingFilter.java:201)
	at org.springframework.web.filter.OncePerRequestFilter.doFilter(OncePerRequestFilter.java:116)
	at org.apache.catalina.core.ApplicationFilterChain.internalDoFilter(ApplicationFilterChain.java:164)
	at org.apache.catalina.core.ApplicationFilterChain.doFilter(ApplicationFilterChain.java:140)
	at org.apache.catalina.core.StandardWrapperValve.invoke(StandardWrapperValve.java:167)
	at org.apache.catalina.core.StandardContextValve.invoke(StandardContextValve.java:90)
	at org.apache.catalina.authenticator.AuthenticatorBase.invoke(AuthenticatorBase.java:483)
	at org.apache.catalina.core.StandardHostValve.invoke(StandardHostValve.java:115)
	at org.apache.catalina.valves.ErrorReportValve.invoke(ErrorReportValve.java:93)
	at org.apache.catalina.core.StandardEngineValve.invoke(StandardEngineValve.java:74)
	at org.apache.catalina.connector.CoyoteAdapter.service(CoyoteAdapter.java:344)
	at org.apache.coyote.http11.Http11Processor.service(Http11Processor.java:384)
	at org.apache.coyote.AbstractProcessorLight.process(AbstractProcessorLight.java:63)
	at org.apache.coyote.AbstractProtocol$ConnectionHandler.process(AbstractProtocol.java:905)
	at org.apache.tomcat.util.net.NioEndpoint$SocketProcessor.doRun(NioEndpoint.java:1741)
	at org.apache.tomcat.util.net.SocketProcessorBase.run(SocketProcessorBase.java:52)
	at org.apache.tomcat.util.threads.ThreadPoolExecutor.runWorker(ThreadPoolExecutor.java:1190)
	at org.apache.tomcat.util.threads.ThreadPoolExecutor$Worker.run(ThreadPoolExecutor.java:659)
	at org.apache.tomcat.util.threads.TaskThread$WrappingRunnable.run(TaskThread.java:63)
	at java.base/java.lang.Thread.run(Thread.java:1575)
Caused by: com.fasterxml.jackson.core.JsonParseException: Unexpected character ('}' (code 125)): was expecting double-quote to start field name
 at [Source: REDACTED (`StreamReadFeature.INCLUDE_SOURCE_IN_LOCATION` disabled); line: 5, column: 1]
	at com.fasterxml.jackson.core.JsonParser._constructReadException(JsonParser.java:2648)
	at com.fasterxml.jackson.core.base.ParserMinimalBase._reportUnexpectedChar(ParserMinimalBase.java:685)
	at com.fasterxml.jackson.core.json.UTF8StreamJsonParser._handleOddName(UTF8StreamJsonParser.java:2103)
	at com.fasterxml.jackson.core.json.UTF8StreamJsonParser._parseName(UTF8StreamJsonParser.java:1753)
	at com.fasterxml.jackson.core.json.UTF8StreamJsonParser.nextFieldName(UTF8StreamJsonParser.java:1040)
	at com.fasterxml.jackson.databind.deser.BeanDeserializer.deserializeFromObject(BeanDeserializer.java:406)
	at com.fasterxml.jackson.databind.deser.BeanDeserializer.deserialize(BeanDeserializer.java:185)
	at com.fasterxml.jackson.databind.deser.DefaultDeserializationContext.readRootValue(DefaultDeserializationContext.java:342)
	at com.fasterxml.jackson.databind.ObjectReader._bindAndClose(ObjectReader.java:2125)
	at com.fasterxml.jackson.databind.ObjectReader.readValue(ObjectReader.java:1501)
	at org.springframework.http.converter.json.AbstractJackson2HttpMessageConverter.readJavaType(AbstractJackson2HttpMessageConverter.java:395)
	... 138 common frames omitted
2026-06-05 12:06:30 [http-nio-8080-exec-3] WARN  o.s.w.s.m.m.a.ExceptionHandlerExceptionResolver - Resolved [org.springframework.http.converter.HttpMessageNotReadableException: JSON parse error: Unexpected character ('}' (code 125)): was expecting double-quote to start field name]
2026-06-05 12:34:08 [File Watcher] INFO  o.s.b.d.a.LocalDevToolsAutoConfiguration$RestartingClassPathChangeChangedEventListener - Restarting due to 200 class path changes (0 additions, 200 deletions, 0 modifications)
2026-06-05 12:34:11 [Thread-5] INFO  o.s.o.j.LocalContainerEntityManagerFactoryBean - Closing JPA EntityManagerFactory for persistence unit 'default'
2026-06-05 12:34:11 [Thread-5] INFO  com.zaxxer.hikari.HikariDataSource - UtilityBillingHikariPool - Shutdown initiated...
2026-06-05 12:34:12 [Thread-5] INFO  com.zaxxer.hikari.HikariDataSource - UtilityBillingHikariPool - Shutdown completed.
2026-06-05 12:34:33 [restartedMain] INFO  com.exam.utility.UtilityApplication - Starting UtilityApplication using Java 23.0.2 with PID 18912 (C:\Users\ernes\Downloads\utility\utility\target\classes started by ernes in C:\Users\ernes\Downloads\utility\utility)
2026-06-05 12:34:33 [restartedMain] DEBUG com.exam.utility.UtilityApplication - Running with Spring Boot v3.3.5, Spring v6.1.14
2026-06-05 12:34:33 [restartedMain] INFO  com.exam.utility.UtilityApplication - The following 1 profile is active: "dev"
2026-06-05 12:34:35 [restartedMain] INFO  o.s.d.r.c.RepositoryConfigurationDelegate - Bootstrapping Spring Data JPA repositories in DEFAULT mode.
2026-06-05 12:34:35 [restartedMain] INFO  o.s.d.r.c.RepositoryConfigurationDelegate - Finished Spring Data repository scanning in 237 ms. Found 24 JPA repository interfaces.
2026-06-05 12:34:36 [restartedMain] INFO  o.s.b.w.e.tomcat.TomcatWebServer - Tomcat initialized with port 8080 (http)
2026-06-05 12:34:36 [restartedMain] INFO  o.a.catalina.core.StandardService - Starting service [Tomcat]
2026-06-05 12:34:36 [restartedMain] INFO  o.a.catalina.core.StandardEngine - Starting Servlet engine: [Apache Tomcat/10.1.31]
2026-06-05 12:34:36 [restartedMain] INFO  o.a.c.c.C.[.[localhost].[/api/v1] - Initializing Spring embedded WebApplicationContext
2026-06-05 12:34:36 [restartedMain] INFO  o.s.b.w.s.c.ServletWebServerApplicationContext - Root WebApplicationContext: initialization completed in 3019 ms
2026-06-05 12:34:37 [restartedMain] INFO  com.zaxxer.hikari.HikariDataSource - UtilityBillingHikariPool - Starting...
2026-06-05 12:34:37 [restartedMain] INFO  com.zaxxer.hikari.pool.HikariPool - UtilityBillingHikariPool - Added connection org.postgresql.jdbc.PgConnection@184a8d4b
2026-06-05 12:34:37 [restartedMain] INFO  com.zaxxer.hikari.HikariDataSource - UtilityBillingHikariPool - Start completed.
2026-06-05 12:34:37 [restartedMain] INFO  org.flywaydb.core.FlywayExecutor - Database: jdbc:postgresql://localhost:5432/utility_billing (PostgreSQL 10.23)
2026-06-05 12:34:38 [restartedMain] INFO  o.f.core.internal.command.DbValidate - Successfully validated 8 migrations (execution time 00:00.411s)
2026-06-05 12:34:38 [restartedMain] INFO  o.f.core.internal.command.DbMigrate - Current version of schema "public": 8
2026-06-05 12:34:38 [restartedMain] INFO  o.f.core.internal.command.DbMigrate - Schema "public" is up to date. No migration necessary.
2026-06-05 12:34:39 [restartedMain] INFO  o.h.jpa.internal.util.LogHelper - HHH000204: Processing PersistenceUnitInfo [name: default]
2026-06-05 12:34:39 [restartedMain] INFO  o.h.c.i.RegionFactoryInitiator - HHH000026: Second-level cache disabled
2026-06-05 12:34:39 [restartedMain] INFO  o.s.o.j.p.SpringPersistenceUnitInfo - No LoadTimeWeaver setup: ignoring JPA class transformer
2026-06-05 12:34:39 [restartedMain] WARN  org.hibernate.dialect.Dialect - HHH000511: The 10.23.0 version for [org.hibernate.dialect.PostgreSQLDialect] is no longer supported, hence certain features may not work properly. The minimum supported version is 12.0.0. Check the community dialects project for available legacy versions.
2026-06-05 12:34:39 [restartedMain] WARN  org.hibernate.orm.deprecation - HHH90000025: PostgreSQLDialect does not need to be specified explicitly using 'hibernate.dialect' (remove the property setting and it will be selected by default)
2026-06-05 12:34:47 [restartedMain] INFO  o.h.e.t.j.p.i.JtaPlatformInitiator - HHH000489: No JTA platform available (set 'hibernate.transaction.jta.platform' to enable JTA platform integration)
2026-06-05 12:34:47 [restartedMain] INFO  o.s.o.j.LocalContainerEntityManagerFactoryBean - Initialized JPA EntityManagerFactory for persistence unit 'default'
2026-06-05 12:34:50 [restartedMain] DEBUG c.e.u.s.JwtAuthenticationFilter - Filter 'jwtAuthenticationFilter' configured for use
2026-06-05 12:34:54 [restartedMain] INFO  o.s.s.c.a.a.c.InitializeAuthenticationProviderBeanManagerConfigurer$InitializeAuthenticationProviderManagerConfigurer - Global AuthenticationManager configured with AuthenticationProvider bean with name authenticationProvider
2026-06-05 12:34:54 [restartedMain] WARN  o.s.s.c.a.a.c.InitializeUserDetailsBeanManagerConfigurer$InitializeUserDetailsManagerConfigurer - Global AuthenticationManager configured with an AuthenticationProvider bean. UserDetailsService beans will not be used for username/password login. Consider removing the AuthenticationProvider bean. Alternatively, consider using the UserDetailsService in a manually instantiated DaoAuthenticationProvider.
2026-06-05 12:34:59 [restartedMain] INFO  o.s.b.a.e.web.EndpointLinksResolver - Exposing 4 endpoints beneath base path '/actuator'
2026-06-05 12:35:04 [restartedMain] INFO  o.s.b.d.a.OptionalLiveReloadServer - LiveReload server is running on port 35729
2026-06-05 12:35:04 [restartedMain] INFO  o.s.b.w.e.tomcat.TomcatWebServer - Tomcat started on port 8080 (http) with context path '/api/v1'
2026-06-05 12:35:04 [restartedMain] INFO  com.exam.utility.UtilityApplication - Started UtilityApplication in 31.282 seconds (process running for 2472.834)
2026-06-05 12:35:05 [restartedMain] DEBUG org.hibernate.SQL - 
    select
        u1_0.id,
        u1_0.account_non_expired,
        u1_0.account_non_locked,
        u1_0.created_at,
        u1_0.created_by,
        u1_0.credentials_non_expired,
        u1_0.email,
        u1_0.enabled,
        u1_0.failed_login_attempts,
        u1_0.full_name,
        u1_0.last_login,
        u1_0.lock_time,
        u1_0.password,
        u1_0.phone_number,
        u1_0.updated_at,
        u1_0.updated_by 
    from
        public.users u1_0 
    where
        u1_0.email=?
2026-06-05 12:35:05 [restartedMain] DEBUG org.hibernate.SQL - 
    select
        r1_0.user_id,
        r1_1.id,
        r1_1.created_at,
        r1_1.created_by,
        r1_1.description,
        r1_1.name,
        p1_0.role_id,
        p1_1.id,
        p1_1.created_at,
        p1_1.created_by,
        p1_1.description,
        p1_1.name,
        p1_1.updated_at,
        p1_1.updated_by,
        r1_1.updated_at,
        r1_1.updated_by 
    from
        public.user_roles r1_0 
    join
        public.roles r1_1 
            on r1_1.id=r1_0.role_id 
    left join
        public.role_permissions p1_0 
            on r1_1.id=p1_0.role_id 
    left join
        public.permissions p1_1 
            on p1_1.id=p1_0.permission_id 
    where
        r1_0.user_id=?
2026-06-05 12:35:06 [restartedMain] INFO  o.s.b.d.a.ConditionEvaluationDeltaLoggingListener - Condition evaluation unchanged
2026-06-05 12:36:01 [SpringApplicationShutdownHook] INFO  o.s.o.j.LocalContainerEntityManagerFactoryBean - Closing JPA EntityManagerFactory for persistence unit 'default'
2026-06-05 12:36:01 [SpringApplicationShutdownHook] INFO  com.zaxxer.hikari.HikariDataSource - UtilityBillingHikariPool - Shutdown initiated...
2026-06-05 12:36:01 [SpringApplicationShutdownHook] INFO  com.zaxxer.hikari.HikariDataSource - UtilityBillingHikariPool - Shutdown completed.
